ts_code,amihud
000010.SZ,4.358293954631956e-14
000006.SZ,2.3942099788504287e-14
000004.SZ,1.9568310150919618e-13
000001.SZ,6.679782867382148e-16
000002.SZ,2.379185226817872e-15
000008.SZ,2.4562607744326645e-14
000007.SZ,8.562052831474448e-14
000009.SZ,9.333468196073953e-15
000011.SZ,4.267272835692987e-14
000017.SZ,5.512527660027564e-14
000014.SZ,7.63121812902193e-14
000020.SZ,5.88079324568379e-14
000012.SZ,1.398247225614701e-14
000019.SZ,2.7207071675934292e-14
000016.SZ,1.685874439442929e-14
000021.SZ,7.241065810050929e-15
000028.SZ,1.292164766190507e-14
000026.SZ,2.7456805334767755e-14
000029.SZ,1.1133847382600195e-14
000032.SZ,8.309879428084934e-15
000027.SZ,4.961916728564679e-15
000031.SZ,1.5971748811580943e-14
000025.SZ,3.114721704456795e-14
000030.SZ,1.993804832865096e-14
000035.SZ,2.080250623002669e-14
000034.SZ,8.572168096761568e-15
000036.SZ,3.8190554167723315e-14
000037.SZ,3.715271573710303e-14
000045.SZ,4.049726858374184e-14
000039.SZ,4.1653841229115995e-15
000042.SZ,3.38627354427438e-14
000048.SZ,2.296537280632219e-14
000050.SZ,9.6931783686163e-15
000049.SZ,2.5770706663597028e-14
000056.SZ,6.825852824121879e-14
000055.SZ,4.575006073990205e-14
000059.SZ,2.288743872198657e-14
000058.SZ,2.0344810263481594e-14
000060.SZ,1.0939110766418823e-14
000061.SZ,1.5929955532137613e-14
000063.SZ,1.2079939400602027e-15
000062.SZ,7.973226740815003e-15
000065.SZ,1.7534309090469515e-14
000068.SZ,6.090488493331084e-14
000069.SZ,9.933220414390282e-15
000066.SZ,4.465678438756337e-15
000070.SZ,3.092012069065307e-14
000078.SZ,2.7952316473305742e-14
000089.SZ,9.466070124413319e-15
000088.SZ,7.035658279405404e-15
000090.SZ,2.949730946696848e-14
000096.SZ,2.9283312743734135e-14
000099.SZ,1.1338631536591159e-14
000100.SZ,2.1898734663839803e-15
000151.SZ,5.3330779460471935e-14
000153.SZ,6.139724926698884e-14
000155.SZ,1.1393580970693398e-14
000166.SZ,9.422058919062612e-16
000333.SZ,2.9427219094265476e-16
000157.SZ,2.7538745572898414e-15
000301.SZ,3.192846988022522e-15
000156.SZ,1.4048658731035329e-14
000158.SZ,6.3284782659296814e-15
000159.SZ,8.050231644015516e-14
000338.SZ,1.383819284953733e-15
000401.SZ,1.483295743596369e-14
000403.SZ,1.1170325131579406e-14
000400.SZ,8.63238023609405e-15
000402.SZ,2.028108459247367e-14
000404.SZ,3.920081340659752e-14
000407.SZ,6.130876521562455e-14
000408.SZ,2.629905918085732e-15
000409.SZ,2.6724693481932033e-14
000410.SZ,1.3447445653032315e-14
000411.SZ,3.69081548267022e-14
000419.SZ,6.031150423424636e-14
000417.SZ,3.9741538284463864e-14
000420.SZ,2.0274512065136892e-14
000415.SZ,9.625310054051043e-15
000421.SZ,4.871732154728495e-14
000422.SZ,1.3958195705497702e-14
000423.SZ,4.9387907684049775e-15
000426.SZ,6.536679779557998e-15
000425.SZ,1.7935203725086884e-15
000428.SZ,6.11784421171669e-14
000429.SZ,5.0756711955024055e-15
000430.SZ,6.397665775951272e-14
000488.SZ,2.4830830476132365e-14
000498.SZ,2.1536613622293108e-14
000501.SZ,2.013765340815625e-14
000504.SZ,5.988204093181257e-14
000507.SZ,3.741287099273299e-14
000505.SZ,4.7259171513935284e-14
000506.SZ,2.4036294710045038e-14
000503.SZ,2.3644995952693678e-14
000509.SZ,6.081870308583723e-14
000510.SZ,6.444301621560214e-14
000513.SZ,5.2450849259051275e-15
000514.SZ,4.747740338113736e-14
000516.SZ,1.7064597911572442e-14
000517.SZ,3.627281573675775e-14
000518.SZ,8.365349801255709e-14
000519.SZ,7.071646491057734e-15
000520.SZ,4.363803814080468e-14
000521.SZ,2.6493024401142448e-14
000523.SZ,3.4686429167337695e-14
000524.SZ,2.6210695556620416e-14
000525.SZ,2.3170676600236707e-14
000526.SZ,3.510047760678183e-14
000528.SZ,8.227872903151076e-15
000530.SZ,3.736217011038899e-14
000529.SZ,5.357290689324805e-14
000531.SZ,2.8029192021384478e-14
000533.SZ,3.969221165341654e-14
000532.SZ,4.521960633166917e-14
000536.SZ,1.615151651531023e-14
000534.SZ,2.3229493557236335e-14
000537.SZ,1.22548291134966e-14
000538.SZ,1.4972205465034888e-15
000539.SZ,6.2727547057419276e-15
000541.SZ,1.721970143603747e-14
000543.SZ,1.102593715027657e-14
000544.SZ,2.299765046492805e-14
000545.SZ,8.235874607271058e-14
000546.SZ,5.623255616340445e-14
000547.SZ,1.6188740922812495e-14
000548.SZ,6.858031641137366e-14
000550.SZ,1.1619395403219716e-14
000552.SZ,1.51346310343784e-14
000554.SZ,5.917422002577182e-14
000555.SZ,1.7381574457951506e-14
000553.SZ,1.2656017665398423e-14
000551.SZ,3.50914072196205e-14
000557.SZ,2.756281108224539e-14
000558.SZ,3.038240126659802e-14
000559.SZ,7.672557401098554e-15
000560.SZ,3.245709605740361e-14
000561.SZ,2.4504615489311766e-14
000564.SZ,5.2975571314328575e-15
000565.SZ,6.039481482892627e-14
000563.SZ,1.1240974357224836e-14
000566.SZ,2.6186569769838294e-14
000567.SZ,1.8009669798036875e-14
000568.SZ,1.0348918041240958e-15
000570.SZ,4.882704357350943e-14
000571.SZ,5.363205057579913e-14
000573.SZ,7.391745305822297e-14
000576.SZ,4.032153769004182e-14
000572.SZ,2.880575221138425e-14
000581.SZ,9.344831318828364e-15
000582.SZ,1.0265672532352411e-14
000586.SZ,9.50750752670065e-14
000589.SZ,2.5589501745821345e-14
000591.SZ,1.1470479929499814e-14
000590.SZ,7.845910535846619e-14
000593.SZ,9.006375046852456e-14
000592.SZ,4.187160920189401e-14
000595.SZ,4.478017895508431e-14
000596.SZ,2.8587818506164277e-15
000597.SZ,2.4675134913612452e-14
000598.SZ,8.506557602910343e-15
000603.SZ,2.0273822828149543e-14
000599.SZ,4.6195225304969855e-14
000605.SZ,8.176716630539169e-14
000601.SZ,3.016824166961249e-14
000600.SZ,1.456186720254335e-14
000607.SZ,4.300169935573531e-14
000608.SZ,1.4963316214711338e-13
000609.SZ,2.3992266127630283e-13
000619.SZ,6.195830402152997e-14
000612.SZ,2.182147110856574e-14
000610.SZ,7.267731316336195e-14
000617.SZ,1.9554340967502752e-15
000615.SZ,1.0025637021053229e-13
000620.SZ,2.472532484394748e-14
000623.SZ,7.611931331671212e-15
000625.SZ,1.6575354435572183e-15
000626.SZ,6.049569849629662e-14
000627.SZ,2.754998670656346e-14
000628.SZ,1.4013449468463946e-14
000629.SZ,7.206860134662301e-15
000630.SZ,3.6005164402814745e-15
000631.SZ,2.9696741207993915e-14
000632.SZ,1.0760289993493138e-13
000633.SZ,8.047854898763295e-14
000635.SZ,7.807162557906077e-14
000637.SZ,7.988670988448553e-14
000636.SZ,1.3860017262666213e-14
000639.SZ,5.556529722266904e-14
000638.SZ,1.9961695603125074e-13
000650.SZ,2.5598216677289126e-14
000651.SZ,6.21510308590698e-16
000652.SZ,2.990611572203295e-14
000655.SZ,4.3115542397582594e-14
000656.SZ,3.0403383386411895e-14
000657.SZ,5.929177126776559e-15
000659.SZ,5.320570269156163e-14
000661.SZ,5.088384591336816e-15
000663.SZ,9.353923924006723e-14
000665.SZ,3.1307467463045224e-14
000668.SZ,1.3845936553036391e-13
000669.SZ,9.149988538962514e-14
000672.SZ,2.2542444990126045e-14
000676.SZ,1.9175549239549355e-14
000670.SZ,3.747624333021915e-14
000677.SZ,4.635328188971816e-14
000678.SZ,3.015136029822655e-14
000679.SZ,6.5846369264104e-14
000680.SZ,1.3495396278869963e-14
000681.SZ,1.7194083944997223e-14
000685.SZ,1.2271301213415886e-14
000682.SZ,1.4514355914831555e-14
000683.SZ,9.568688421304998e-15
000686.SZ,9.95598567230044e-15
000688.SZ,1.3243129333890984e-14
000690.SZ,1.7233992931415436e-14
000691.SZ,9.311173065953245e-14
000692.SZ,9.384176776708771e-14
000697.SZ,3.1739674302627706e-14
000695.SZ,8.840830229771103e-14
000698.SZ,6.096432175571118e-14
000700.SZ,2.7555555593898476e-14
000701.SZ,5.301146849877576e-14
000702.SZ,7.085612471895222e-14
000703.SZ,9.49122726262839e-15
000705.SZ,5.745384089696693e-14
000707.SZ,6.657670184147086e-14
000708.SZ,2.831124882906707e-15
000709.SZ,6.2359952258398785e-15
000711.SZ,4.597829738932657e-14
000710.SZ,4.781725225658897e-14
000712.SZ,1.7214931386896423e-14
000713.SZ,4.7547316774445817e-14
000715.SZ,5.824474284876297e-14
000716.SZ,4.405787010389323e-14
000717.SZ,2.690970835920081e-14
000718.SZ,3.220229550207648e-14
000720.SZ,4.352318258422397e-14
000719.SZ,1.4528154910087376e-14
000721.SZ,4.46142016521609e-14
000722.SZ,3.76848380005416e-14
000723.SZ,1.1055847335168739e-14
000726.SZ,2.7214515208170478e-14
000725.SZ,1.2675168049687362e-15
000727.SZ,1.963758563984467e-14
000728.SZ,5.374683537955138e-15
000729.SZ,4.1598726044929745e-15
000731.SZ,4.509835345238134e-14
000733.SZ,7.917712839256186e-15
002281.SZ,5.55218761159853e-15
002286.SZ,4.995005287105374e-14
002284.SZ,2.6342839473492927e-14
002287.SZ,1.1730383397384216e-14
002289.SZ,3.4104434415925206e-14
002290.SZ,2.969476088187074e-14
002292.SZ,1.746743277096411e-14
002291.SZ,3.828997516947947e-14
002294.SZ,3.3627871873522054e-15
002293.SZ,2.3661506974580545e-14
002295.SZ,6.695472469801652e-14
002298.SZ,3.902245705918782e-14
002297.SZ,4.3960646021549635e-14
002296.SZ,4.797208828905137e-14
002299.SZ,8.988102863724721e-15
002300.SZ,4.242774640413622e-14
002301.SZ,3.7283959213757816e-14
002302.SZ,2.3040415009690945e-14
002303.SZ,2.958514917266676e-14
002306.SZ,1.3599847796328668e-13
002305.SZ,3.723754495089562e-14
002304.SZ,1.6733414281191527e-15
002307.SZ,3.8121074156812593e-14
002309.SZ,2.157474015616219e-14
002310.SZ,1.6117066449120484e-14
002311.SZ,1.7239411413537961e-15
002312.SZ,1.1293073206843946e-14
002316.SZ,1.121789558605447e-13
002314.SZ,2.5978667050767797e-14
002313.SZ,4.0541788587800944e-14
002317.SZ,1.1306869857008822e-14
002315.SZ,1.45034344262796e-14
002319.SZ,7.776970006359432e-14
002318.SZ,8.724313511585889e-15
002320.SZ,1.1721841104468485e-14
002322.SZ,4.097003026226175e-14
002321.SZ,3.537620399058666e-14
002324.SZ,1.3151146162049935e-14
002323.SZ,6.743196953647845e-14
002326.SZ,1.8981806890725357e-14
002327.SZ,2.7677182185285076e-14
002328.SZ,4.036812201128766e-14
002329.SZ,7.22406222401571e-14
002330.SZ,6.342279823106878e-14
002332.SZ,1.8363107963338913e-14
002331.SZ,6.510885070355508e-14
002333.SZ,5.2723173255730774e-14
002334.SZ,3.118431193007565e-14
002335.SZ,1.1111460917730147e-14
002337.SZ,5.734782329009549e-14
002340.SZ,6.046289195968981e-15
002342.SZ,2.7897273789714278e-14
002338.SZ,1.9371563995510942e-14
002339.SZ,5.185128037911397e-14
002343.SZ,5.846685813907423e-14
002344.SZ,2.928306152392228e-14
002346.SZ,2.928426192714442e-14
002345.SZ,1.2520867011195203e-14
002350.SZ,5.3984655045661594e-14
002348.SZ,6.052998621284746e-14
002349.SZ,3.266280711643587e-14
002351.SZ,1.9843231586210373e-14
002347.SZ,5.5760229193197056e-14
002352.SZ,7.525741006716979e-16
002353.SZ,4.3869720898620424e-15
002356.SZ,5.586276278241991e-14
002354.SZ,2.0414865097477876e-14
002355.SZ,5.408027649908209e-14
002357.SZ,6.295878705547332e-14
002358.SZ,4.114883094735367e-14
002360.SZ,8.882010776474185e-14
002361.SZ,2.836105325795305e-14
002362.SZ,3.981492437831809e-14
002363.SZ,5.83042918291399e-14
002364.SZ,2.3407449121760715e-14
002366.SZ,1.4169507093190972e-14
002367.SZ,2.894547994057076e-14
002368.SZ,1.4575118895122906e-14
002365.SZ,3.4566556886785636e-14
002369.SZ,4.7268079168019404e-14
002370.SZ,4.267792962441307e-14
002371.SZ,9.946556512894029e-16
002373.SZ,1.2129212540508076e-14
002372.SZ,1.063254671456339e-14
002374.SZ,7.050214888220449e-14
002376.SZ,2.9644022600640544e-14
002375.SZ,3.7410912821905356e-14
002377.SZ,7.524985278539904e-14
002378.SZ,1.9368162402504116e-14
002380.SZ,3.392736879770627e-14
002379.SZ,1.177922938981502e-14
002381.SZ,6.229879348671653e-14
002382.SZ,3.264952517352927e-14
002383.SZ,3.003348528785433e-14
002384.SZ,2.506563013962532e-15
002385.SZ,1.0548670666173664e-14
002386.SZ,2.7657689338071546e-14
002388.SZ,1.0103161095767319e-13
002389.SZ,8.887287666006792e-15
002387.SZ,1.6353076271106233e-14
002390.SZ,2.823609577115302e-14
002391.SZ,3.9176399844943004e-14
002392.SZ,2.364417094971676e-14
002393.SZ,2.456400566819776e-14
002397.SZ,7.503855108354408e-14
002394.SZ,4.5027465208283696e-14
002396.SZ,1.3257340413078865e-14
002398.SZ,5.085024037421385e-14
002395.SZ,4.4683754949507996e-14
002399.SZ,8.598484437188187e-15
002400.SZ,1.699514192450433e-14
002401.SZ,3.230834808047108e-14
002402.SZ,9.306060170032225e-15
002404.SZ,4.872190174598524e-14
002403.SZ,3.510826924005716e-14
002405.SZ,1.1668855035233633e-14
002406.SZ,3.060509630220401e-14
002407.SZ,1.636830284851708e-14
002408.SZ,1.3470510368590234e-14
002409.SZ,8.301575129311279e-15
002413.SZ,2.5890632504077124e-14
002412.SZ,5.022646659583725e-14
002410.SZ,1.0042687745796851e-14
002415.SZ,6.791024977821319e-16
002414.SZ,3.724575863633847e-15
002416.SZ,1.445379634262296e-14
002418.SZ,5.150951632143217e-14
002419.SZ,2.6372711579211085e-14
002422.SZ,2.9916744906176425e-15
002420.SZ,6.762537998750835e-14
002421.SZ,2.875078986639903e-14
002423.SZ,7.551420429004636e-15
002424.SZ,2.2834849440700887e-14
002425.SZ,7.072328854665663e-14
002426.SZ,2.095851179324436e-14
002427.SZ,3.103551613060912e-14
002428.SZ,1.572809456106741e-14
002432.SZ,1.2654822584072136e-14
002431.SZ,4.978665451440885e-14
002429.SZ,9.598561383611145e-15
002430.SZ,9.35172702370446e-15
002434.SZ,1.7927251279433612e-14
002437.SZ,2.4823961550516575e-14
002436.SZ,8.137522133339753e-15
002438.SZ,2.716109833722923e-14
002440.SZ,2.010105850639331e-14
002439.SZ,1.1440472876775065e-14
002442.SZ,6.295701644048916e-14
002441.SZ,3.683923873765447e-14
002443.SZ,5.318705633397565e-14
002445.SZ,3.544283347713538e-14
002444.SZ,5.284058073008518e-15
002446.SZ,3.3085257057935216e-14
002448.SZ,3.38833627313816e-14
002452.SZ,4.120670222018597e-14
002451.SZ,7.135829563062274e-14
002449.SZ,3.69715507650402e-14
002453.SZ,4.7219408275997174e-14
002454.SZ,3.764945624688377e-14
002456.SZ,6.194484198351423e-15
002458.SZ,2.209024568081721e-14
002455.SZ,5.319440253110866e-14
002459.SZ,6.361277792967635e-15
002457.SZ,5.105280668601445e-14
002460.SZ,3.4059660125669675e-15
002461.SZ,7.459275774500177e-15
002462.SZ,4.086551884573276e-14
002465.SZ,5.216834513208345e-15
002466.SZ,3.839689777883905e-15
002468.SZ,7.405168870188947e-15
002467.SZ,2.7585161296139718e-14
002463.SZ,2.1974237093993903e-15
002469.SZ,3.580714329760577e-14
002470.SZ,3.285644175293768e-14
002471.SZ,3.0116168250236276e-14
002474.SZ,5.1988367806918403e-14
002478.SZ,3.391819859871712e-14
002472.SZ,6.998893743824319e-15
002476.SZ,7.393605356973757e-14
002475.SZ,8.243670745054466e-16
002479.SZ,3.8063820304303856e-14
002480.SZ,3.633659680040795e-14
002481.SZ,2.956329939213314e-14
002485.SZ,8.050570158316453e-14
002483.SZ,3.0761683233588933e-14
002484.SZ,9.832631672306513e-15
002482.SZ,3.151160723609507e-14
002486.SZ,9.177190653711629e-14
002487.SZ,1.070609668521333e-14
002488.SZ,1.7135282560757853e-14
002489.SZ,2.2993265845323127e-14
002491.SZ,3.386358621892224e-14
002490.SZ,4.621848981082079e-14
002492.SZ,6.935706035220213e-14
002493.SZ,2.0526759240690877e-15
002495.SZ,7.432194604281726e-14
002494.SZ,1.0604420988823138e-13
002496.SZ,8.58528538473572e-14
002497.SZ,1.389694464911405e-14
002498.SZ,1.5334407554809498e-14
002500.SZ,7.565515335971572e-15
002501.SZ,2.9819924064080276e-14
002507.SZ,1.201174138421898e-14
002506.SZ,1.4689269909303798e-14
002508.SZ,9.926945051497294e-15
002510.SZ,3.223976705025373e-14
002511.SZ,1.749635372705381e-14
002512.SZ,5.19546064059408e-14
002513.SZ,1.0848121770207311e-13
002514.SZ,5.785342479533953e-14
002516.SZ,2.4195211486846358e-14
002517.SZ,5.910804547651072e-15
002515.SZ,2.1940694061621797e-14
002518.SZ,1.7006964065817296e-14
002519.SZ,3.380346955486048e-14
002520.SZ,4.5124779301260595e-14
002521.SZ,3.182764811975814e-14
002522.SZ,4.42270601727414e-14
002523.SZ,3.4039725561656366e-14
002524.SZ,9.543899208596346e-14
002526.SZ,3.0101528062198926e-14
002527.SZ,1.8153784529625075e-14
002528.SZ,6.839211272260215e-14
002529.SZ,1.548591401997595e-13
002530.SZ,2.922826192877951e-14
002531.SZ,1.7729113128607147e-14
002532.SZ,4.657124401523325e-15
002534.SZ,2.0318154034346814e-14
002533.SZ,2.1410828579275677e-14
002535.SZ,6.347890658530312e-14
002536.SZ,1.766074892371741e-14
002537.SZ,1.913185841975554e-14
002538.SZ,3.882154132712887e-14
002539.SZ,1.488578038260063e-14
002542.SZ,3.1338058397086615e-14
002540.SZ,2.3696796635387715e-14
002541.SZ,1.6719151806733093e-14
002543.SZ,1.6209223875301625e-14
002544.SZ,1.3237249025622501e-14
002545.SZ,1.4215375269878345e-14
002546.SZ,3.6903871352151146e-14
002548.SZ,6.14098706021062e-14
002547.SZ,4.776384589350557e-14
002550.SZ,1.3758703385180989e-14
002549.SZ,2.693416649101691e-14
002551.SZ,5.5536846722133316e-14
002552.SZ,3.553425064314295e-14
002553.SZ,2.510830859038518e-14
002554.SZ,5.446421137117177e-14
300246.SZ,9.331316630690796e-14
300245.SZ,4.794302968210468e-14
300247.SZ,5.959967909814074e-14
300248.SZ,3.9383377700805597e-14
300251.SZ,3.921694225537631e-15
300249.SZ,3.5150232261699465e-14
300250.SZ,7.733367980745796e-14
300252.SZ,3.17270029555754e-14
300253.SZ,1.0733867511889344e-14
300254.SZ,7.946120593241832e-14
300255.SZ,6.203607750850526e-15
300256.SZ,2.925342066994568e-14
300257.SZ,1.379014703304345e-14
300259.SZ,4.853245060565902e-14
300258.SZ,2.5432905642813204e-14
300260.SZ,1.9205313480887824e-14
300261.SZ,3.161343615322686e-14
300264.SZ,9.68899059725581e-14
300263.SZ,2.9922623007759755e-14
300265.SZ,5.2865515274031724e-14
300268.SZ,1.4686602877550762e-13
300267.SZ,2.634644235253041e-14
300266.SZ,5.6568888846733196e-14
300269.SZ,9.276358780909086e-14
300271.SZ,3.4931682377530404e-14
300270.SZ,9.765026448546702e-14
300272.SZ,5.72116933714985e-14
300275.SZ,5.680033909338628e-14
300276.SZ,1.7411482794830903e-14
300274.SZ,1.5508673379562539e-15
300277.SZ,6.03035956973651e-14
300278.SZ,3.373501202065886e-14
300280.SZ,5.630564963725796e-13
300279.SZ,6.560418418999053e-14
300284.SZ,1.7320240769597572e-14
300285.SZ,1.1433989896640082e-14
300281.SZ,6.769178832386943e-14
300283.SZ,6.982098916125653e-14
300286.SZ,4.293898897394333e-14
300287.SZ,3.4072443096250265e-14
300289.SZ,3.480048482484395e-14
300288.SZ,4.872542828096293e-14
300290.SZ,2.380826808009564e-14
300291.SZ,4.205380302343714e-14
300293.SZ,3.145260589985881e-14
300294.SZ,1.4402662700881745e-14
300292.SZ,3.927400284011991e-14
300295.SZ,9.28016756458102e-14
300296.SZ,1.3508319454605102e-14
300300.SZ,7.039740536994794e-14
300298.SZ,1.944632765122693e-14
300301.SZ,1.2431413110123902e-13
300299.SZ,5.741717310952002e-14
300302.SZ,3.819588455302333e-14
300303.SZ,2.5252412714395867e-14
300304.SZ,2.4422667849241718e-14
300305.SZ,7.865776930906632e-14
300310.SZ,4.617597530855545e-14
300306.SZ,6.315612738684267e-14
300307.SZ,3.5401884262790546e-14
300308.SZ,1.1162948798758202e-15
300313.SZ,8.741433202620283e-14
300311.SZ,8.268536561539347e-14
300314.SZ,5.970894859348777e-14
300315.SZ,1.5503173951077787e-14
300317.SZ,7.671716488123313e-14
300320.SZ,3.883810694540349e-14
300319.SZ,2.3992746289615856e-14
300318.SZ,4.651593297790568e-14
300316.SZ,6.4904612294161845e-15
300321.SZ,7.590883081745494e-14
300322.SZ,2.1546528788797507e-14
300323.SZ,2.1136702063041847e-14
300324.SZ,3.14431457161682e-14
300326.SZ,4.9337450990679134e-14
300328.SZ,3.199596882619057e-14
300327.SZ,2.7951278072935918e-14
300329.SZ,7.633942239227235e-14
300331.SZ,4.571261385693568e-14
300332.SZ,4.72501690827458e-14
300333.SZ,5.6114387785934906e-14
300334.SZ,1.1200278618518803e-13
300335.SZ,7.267599975835113e-14
300340.SZ,5.770224270439156e-14
300339.SZ,6.730405039058127e-15
300338.SZ,1.7794831395434182e-13
300337.SZ,2.8872056162397345e-14
300341.SZ,2.877300673826228e-14
300344.SZ,7.423828681526635e-14
300343.SZ,5.3366507429958244e-14
300345.SZ,5.77742926889267e-14
300342.SZ,3.0198716346104434e-14
300347.SZ,4.363122704587946e-15
300348.SZ,2.116431705957082e-14
300349.SZ,3.781817541721903e-14
300346.SZ,1.1102898919957414e-14
300352.SZ,3.30243324180705e-14
300351.SZ,3.7048926736544005e-14
300350.SZ,7.237736770838783e-14
300353.SZ,2.0001863285724368e-14
300354.SZ,4.5296781958624617e-14
300357.SZ,1.565063083003669e-14
300358.SZ,4.545909139327913e-14
300355.SZ,3.3890808046628963e-14
300359.SZ,6.732540843867251e-14
300360.SZ,2.5686775945802273e-14
300364.SZ,1.786780969536323e-14
300365.SZ,5.954637256299306e-14
300363.SZ,2.1210582006306108e-14
300366.SZ,5.945353390654484e-14
300368.SZ,3.957786703184858e-14
300369.SZ,4.1122989110029414e-14
300370.SZ,5.4142017837556986e-14
300371.SZ,8.440972015966935e-14
300374.SZ,6.301242020634586e-14
300375.SZ,5.87476459773032e-14
300373.SZ,7.996845979649947e-15
300376.SZ,2.55525192204966e-14
300377.SZ,1.6030837190458e-14
300378.SZ,1.8915706108774796e-14
300381.SZ,5.536332470818732e-14
300379.SZ,1.0039956820330461e-13
300380.SZ,4.4161069975887496e-14
300382.SZ,2.571783653815726e-14
300383.SZ,9.528648905684481e-15
300384.SZ,3.905120618378905e-14
300385.SZ,1.1694784036913183e-13
300386.SZ,3.5216508650531165e-14
300387.SZ,7.66982541053121e-14
300388.SZ,3.581176915437181e-14
300389.SZ,5.5322341507612333e-14
300390.SZ,1.624042713222026e-14
300391.SZ,1.8316735274655296e-13
300393.SZ,3.829850841087082e-14
300394.SZ,3.720875525634969e-15
300395.SZ,6.301934704115399e-15
300396.SZ,5.059615623990022e-14
300397.SZ,3.4331562835854454e-14
300398.SZ,2.2398246833699316e-14
300399.SZ,4.675020379415203e-14
300400.SZ,4.9708936909018267e-14
300401.SZ,2.5932893087738864e-14
300402.SZ,5.58560220678032e-14
300403.SZ,2.5077724168722083e-14
300405.SZ,1.3361519175506603e-13
300404.SZ,6.000236133128787e-14
300407.SZ,6.403720870080399e-14
300406.SZ,2.4399126422892174e-14
300408.SZ,2.9549965685314154e-15
300409.SZ,1.8830330881122676e-14
300410.SZ,8.955193786400688e-14
300411.SZ,4.686751743181244e-14
300413.SZ,6.441419322434739e-15
300412.SZ,9.029739021253781e-14
300414.SZ,5.531856161711321e-14
300415.SZ,2.3962359765622752e-14
300416.SZ,2.89329022282243e-14
300417.SZ,1.3509396646400966e-13
300418.SZ,6.3534194648565834e-15
300419.SZ,1.1574731680856207e-13
300421.SZ,5.0904620668246115e-14
300420.SZ,5.0622236800519245e-14
300422.SZ,7.727674618913428e-14
300423.SZ,7.266370949503849e-14
300426.SZ,6.01805757547049e-14
300424.SZ,5.748936500838691e-14
300425.SZ,5.6778048158746175e-14
300427.SZ,7.088420899578685e-14
300428.SZ,2.3102922556635033e-14
300432.SZ,1.2832182896863701e-14
300430.SZ,4.341124622913464e-14
300429.SZ,3.303296334641045e-14
300434.SZ,5.757300394935699e-14
300435.SZ,3.535525733215442e-14
300436.SZ,1.3743653425447018e-14
300433.SZ,1.988883469519497e-15
300437.SZ,1.0831426838757713e-13
300438.SZ,2.1237674629592705e-14
300439.SZ,4.549240508250679e-14
300440.SZ,3.888480338897547e-14
300441.SZ,3.8144812163822814e-14
300442.SZ,2.8905219478941775e-15
300443.SZ,3.558699399351985e-14
300444.SZ,4.530449041970049e-14
300445.SZ,5.70257515075882e-14
300446.SZ,1.5745763722259548e-14
300447.SZ,4.9786231522378294e-14
300449.SZ,8.78440941305634e-14
300448.SZ,5.4440858614536803e-14
300450.SZ,6.481448485536808e-15
300452.SZ,7.075246084488549e-14
300451.SZ,3.171103425692485e-14
300454.SZ,5.347046592400747e-15
300453.SZ,4.7314554683914343e-14
300455.SZ,1.7527976351923267e-14
300456.SZ,1.848020658661054e-14
300457.SZ,1.7876376117218604e-14
300458.SZ,8.760034053753688e-15
300459.SZ,1.4542116907931988e-14
300460.SZ,8.947839020176454e-14
300461.SZ,8.618230857513499e-14
300462.SZ,1.5447894956695415e-13
300463.SZ,2.6942521604066174e-14
300464.SZ,1.0836616804479714e-13
300465.SZ,4.4464907797204334e-14
300466.SZ,5.168262500778632e-14
300467.SZ,5.916330214282636e-14
300468.SZ,1.4016405534148403e-14
300469.SZ,2.706027911555228e-14
300471.SZ,5.889600609528631e-14
300470.SZ,2.3949931646896138e-14
300473.SZ,5.0536818440802395e-14
300472.SZ,1.6745927315731775e-13
300474.SZ,6.229074051775405e-15
300475.SZ,1.5744911661152772e-14
300476.SZ,1.6105054156019226e-15
300477.SZ,1.173115771623567e-13
300478.SZ,1.0762228475332302e-13
300479.SZ,6.665586884336e-14
300480.SZ,4.591275768766152e-14
300481.SZ,5.228521603716736e-14
300482.SZ,1.9285884305406845e-14
300483.SZ,6.930371109938882e-14
300484.SZ,6.039636994858004e-14
300485.SZ,3.1315034593751405e-14
300486.SZ,3.810337218643683e-14
300488.SZ,3.768245561051904e-14
300487.SZ,9.896896787854982e-15
300489.SZ,4.534566539849573e-14
300490.SZ,7.027937398926063e-14
300491.SZ,7.847865244934536e-14
300492.SZ,1.986128573028701e-14
300493.SZ,2.6080564058311633e-14
300494.SZ,3.970000067103895e-14
300497.SZ,3.951135099221517e-14
300496.SZ,1.0122440726295739e-14
300498.SZ,1.326689117302849e-15
300499.SZ,4.208299718913918e-14
300500.SZ,9.474579435083136e-14
300501.SZ,6.983956404052314e-14
300502.SZ,1.6363063351139019e-15
300503.SZ,3.478666097186673e-14
300505.SZ,4.3482469340147474e-14
300506.SZ,9.302344849281687e-14
300508.SZ,7.629382259146453e-14
300507.SZ,4.036375266354863e-14
300509.SZ,7.496757926881105e-14
300504.SZ,5.4263742834311393e-14
300511.SZ,5.813092147264717e-14
300510.SZ,5.472578804750265e-14
600081.SH,2.944756381094951e-14
600079.SH,5.529267131189784e-15
600080.SH,6.513780971922743e-14
600082.SH,8.347689915325082e-14
600085.SH,3.180784401764405e-15
600088.SH,3.4486842782516855e-14
600084.SH,3.046579261150841e-14
600089.SH,2.575607288132382e-15
600096.SH,4.310176766275683e-15
600094.SH,2.5266828435237365e-14
600097.SH,7.194296301900247e-14
600098.SH,6.6862932165131396e-15
600095.SH,7.190812905583145e-15
600099.SH,7.740516218991614e-14
600100.SH,8.20526159941209e-15
600101.SH,3.225689983474579e-14
600103.SH,3.377329713124194e-14
600104.SH,8.517737091759351e-16
600106.SH,2.2051638464326896e-14
600107.SH,1.507760771227437e-13
600105.SH,1.7204063682634116e-14
600108.SH,3.1189902329906934e-14
600109.SH,5.940840318242994e-15
600110.SH,2.107361870644585e-14
600111.SH,1.5695637816135417e-15
600113.SH,1.4976208040438327e-14
600115.SH,2.083016726007401e-15
600114.SH,1.4293316293926857e-14
600116.SH,1.4918460132471548e-14
600117.SH,1.5785476937738584e-14
600118.SH,5.695371189194762e-15
600119.SH,6.704529089821287e-14
600120.SH,9.401854144250118e-15
600121.SH,4.1710075564038197e-14
600127.SH,4.512070183883918e-14
600126.SH,6.146459572103984e-15
600123.SH,1.9035961136469035e-14
600128.SH,7.976293822086968e-14
600125.SH,2.3940320059500133e-14
600129.SH,1.666396151668618e-14
600130.SH,8.419823503651066e-14
600135.SH,4.5680640083284683e-14
600131.SH,9.902091618094954e-15
600133.SH,2.233744228877204e-14
600137.SH,1.1176095890838202e-13
600136.SH,5.89468587367325e-14
600132.SH,7.67959488671155e-15
600138.SH,2.596802697986816e-14
600141.SH,7.817454053746951e-15
600143.SH,5.592391666385104e-15
600149.SH,1.0623570060048939e-13
600148.SH,6.702274024305249e-14
600150.SH,1.1870116682509688e-15
600152.SH,6.573151472533196e-14
600151.SH,1.985359644624677e-14
600153.SH,5.740946207396155e-15
600155.SH,1.1995338843882254e-14
600156.SH,7.636372884770347e-14
600158.SH,2.8099195261746508e-14
600157.SH,6.519498470739593e-15
600159.SH,8.789922178374534e-14
600160.SH,2.7601304109853256e-15
600161.SH,4.957377880718705e-15
600162.SH,3.789142681242427e-14
600163.SH,1.8514901863290796e-14
600165.SH,8.647701348930616e-14
600167.SH,1.362009120897798e-14
600166.SH,9.160404383213189e-15
600168.SH,3.539707913314756e-14
600169.SH,2.3814844519085944e-14
600170.SH,7.18538353495346e-15
600171.SH,9.17438888545948e-15
600172.SH,3.332582647930644e-14
600177.SH,4.361594723312155e-15
600173.SH,4.7415994008853825e-14
600178.SH,3.1308704146971206e-14
600179.SH,1.5483766929024787e-14
600176.SH,4.073356388152831e-15
600180.SH,4.074363000820765e-14
600182.SH,3.356795750117404e-14
600183.SH,2.1420517173190876e-15
600184.SH,1.695244117679291e-14
600186.SH,1.8203879673974087e-14
600187.SH,4.644286617946307e-14
600185.SH,2.0221821280459425e-14
600188.SH,1.5337199665082194e-15
600189.SH,3.939513618137584e-14
600191.SH,5.5762041396041306e-14
600192.SH,4.4905703698246787e-14
600193.SH,1.1318045868567331e-13
600197.SH,2.9056485538888334e-14
600195.SH,2.5563148867146273e-14
600196.SH,2.6286276489922116e-15
600198.SH,2.0187985506469625e-14
600199.SH,3.098539512162355e-14
600200.SH,2.568766841527254e-13
600201.SH,1.943966919055417e-14
600202.SH,8.845232642573902e-14
600203.SH,2.5320163344882855e-14
600206.SH,1.37654863749712e-14
600207.SH,4.103484647423005e-14
600208.SH,5.4994182032798904e-15
600210.SH,1.8749075873911693e-14
600211.SH,1.5269616649712557e-14
600212.SH,3.037124848765747e-14
600217.SH,2.658925760440104e-14
600215.SH,5.5858710091528754e-14
600218.SH,5.223352142137952e-14
600216.SH,1.2929880001488327e-14
600219.SH,3.651043007552758e-15
600221.SH,2.7430658757739027e-15
600222.SH,5.023581700287658e-14
600223.SH,2.4072875534112404e-14
600227.SH,4.539501047736455e-14
600226.SH,2.4062114019558754e-14
600228.SH,1.406775806040696e-13
600229.SH,4.1903470060490274e-14
600230.SH,4.21658890252367e-14
600231.SH,3.292743794492352e-14
600232.SH,7.607184336950706e-14
600233.SH,3.3813244556969502e-15
600234.SH,9.60176798135631e-14
600235.SH,8.15420230917837e-14
600237.SH,4.492439088355952e-14
600236.SH,3.036990444465963e-15
600239.SH,5.519222740396057e-14
600238.SH,7.064040543279254e-14
600241.SH,8.328286120437768e-14
600243.SH,1.4431789258438297e-13
600246.SH,1.5054418063242653e-14
600249.SH,6.472773751446867e-14
600248.SH,1.3166643809282574e-14
600250.SH,6.411700203870261e-14
600252.SH,1.9926344524278963e-14
600255.SH,3.074318850497031e-14
600251.SH,3.41777192526794e-14
600256.SH,5.571551781326718e-15
600257.SH,8.328499191435204e-14
600258.SH,1.310543731377735e-14
600259.SH,1.0702354335146254e-14
600261.SH,3.845573871846578e-14
600265.SH,7.64877808093427e-14
600266.SH,2.0182847093743643e-14
600262.SH,5.1155043174091816e-14
600267.SH,1.3850450206286499e-14
600268.SH,2.0243576793228766e-14
600269.SH,1.0671781965362911e-14
600271.SH,1.0790351523205912e-14
600272.SH,6.237204228338658e-14
600273.SH,1.6599542201613196e-14
600276.SH,4.042488109252523e-16
600278.SH,2.9076349468108744e-14
600279.SH,2.7841396206832405e-14
600280.SH,5.4487353467667876e-14
600281.SH,6.288214599993777e-14
600282.SH,6.158785286925441e-15
600284.SH,2.6763080293322064e-14
600285.SH,1.4611844882729878e-14
600283.SH,3.5832395043746554e-14
600287.SH,8.048162451641095e-14
600289.SH,4.945588883133778e-14
600288.SH,3.8226567092412365e-14
600292.SH,2.1283060760929903e-14
600293.SH,5.89386560100712e-14
600295.SH,7.191524353086753e-15
600298.SH,5.828462575587378e-15
600299.SH,7.161176675913171e-15
600300.SH,3.416736887889427e-14
600302.SH,7.960938495264542e-14
600301.SH,1.375281269666419e-14
600303.SH,9.19171762012561e-14
600305.SH,2.0559478143650977e-14
600307.SH,1.6250065672468077e-14
600308.SH,2.9734681798578775e-14
600309.SH,1.0078384720971436e-15
600313.SH,3.105114207871922e-14
600310.SH,3.267898465406303e-14
600312.SH,8.864696643837256e-15
600316.SH,6.976697906790444e-15
600315.SH,1.1072614247456846e-14
600318.SH,5.0356202003085634e-14
600319.SH,7.221430277998367e-14
600320.SH,6.8674030528842835e-15
600322.SH,6.639278568420656e-14
600323.SH,7.305324572223597e-15
600325.SH,1.5795272522695224e-14
600326.SH,1.0316776421880588e-14
600327.SH,4.333993837751141e-14
600329.SH,6.153376731675751e-15
600328.SH,1.799304444542826e-14
600332.SH,4.217334792059097e-15
600331.SH,8.192375290330646e-15
600330.SH,2.3417254589562504e-14
600333.SH,5.967467633637274e-14
600335.SH,2.3552265725960583e-14
600336.SH,3.713151207878745e-14
600337.SH,6.652256667730831e-14
600338.SH,2.285251275959431e-14
600345.SH,2.3659997853915214e-14
600339.SH,1.0494403938708547e-14
600340.SH,2.6775819814064635e-14
600343.SH,2.3302678485318733e-14
600346.SH,1.9459971297106677e-15
600348.SH,8.027693191148516e-15
600350.SH,3.0218541727133337e-15
600351.SH,3.471936332024897e-14
600352.SH,5.382253782880887e-15
600353.SH,1.893864865885996e-14
600354.SH,6.596029440440942e-14
600355.SH,1.6871768390036215e-13
600356.SH,5.819514537581158e-14
600358.SH,7.334185547532055e-14
600359.SH,7.852983687736255e-14
600360.SH,2.622724509006524e-14
600362.SH,2.4145969793089618e-15
600361.SH,1.1210027600691246e-14
600363.SH,9.131678227778776e-15
600365.SH,1.4879327064687911e-13
600366.SH,1.3691328009538719e-14
600367.SH,4.356910606777377e-14
600368.SH,2.542364925288657e-14
600370.SH,2.5447243766203838e-14
600369.SH,6.207718743372084e-15
600372.SH,3.351059545355899e-15
600371.SH,8.174791128007813e-14
600373.SH,1.484581264821879e-14
600375.SH,2.0102521707426726e-14
600376.SH,3.088255679414642e-14
600377.SH,1.6602656229318048e-15
600378.SH,6.756418375645725e-15
600379.SH,5.2226138092057004e-14
600380.SH,8.443898953037545e-15
600381.SH,9.962808674463855e-14
600382.SH,5.00776676259395e-14
600386.SH,5.346134933524017e-14
600383.SH,1.2158355353383041e-14
600392.SH,5.893280856942017e-15
600389.SH,2.202194303443362e-14
600395.SH,1.8175313351559888e-14
600391.SH,2.157115688091252e-14
600388.SH,1.2293083301028073e-14
600390.SH,7.827952264750352e-15
600396.SH,3.9453177095001156e-14
600397.SH,3.746384500640681e-14
600405.SH,6.231105060408078e-14
600398.SH,5.184147340510197e-15
600399.SH,2.076329933066329e-14
600400.SH,3.7528914526459084e-14
600403.SH,2.3069099989170944e-14
600783.SH,2.4507874930604328e-14
600782.SH,1.4584241969120393e-14
600785.SH,6.336005556000782e-14
600784.SH,4.580749234094273e-14
600790.SH,3.004949104824902e-14
600787.SH,1.4668435628106274e-14
600789.SH,2.2371397244599344e-14
600791.SH,9.171890349967795e-14
600792.SH,4.621925903695061e-14
600793.SH,4.302477565084165e-14
600794.SH,3.60496852910307e-14
600795.SH,1.7843795418152373e-15
600797.SH,2.108716466514258e-14
600796.SH,3.6053302208375236e-14
600798.SH,3.9110940097919075e-14
600800.SH,4.608561411215406e-14
600801.SH,6.246307077911054e-15
600802.SH,8.364676543044336e-14
600803.SH,3.514671981634447e-15
600805.SH,3.9525675173887744e-14
600807.SH,8.523913967284655e-14
600808.SH,5.318174950232495e-15
600810.SH,2.062135237613822e-14
600809.SH,9.105704212501377e-16
600812.SH,1.710389947546312e-14
600814.SH,3.20483107781217e-14
600815.SH,3.8254808119931085e-14
600818.SH,6.449944775741759e-14
600816.SH,7.630605087753461e-15
600817.SH,3.122086309712553e-14
600819.SH,3.46060949603973e-14
600820.SH,7.451172244052428e-15
600821.SH,1.8710564913667428e-14
600822.SH,3.739889392170236e-14
600824.SH,3.922456625764831e-14
600825.SH,2.822938992222419e-14
600826.SH,2.526663830787387e-14
600827.SH,1.0524412523327912e-14
600828.SH,2.656475450376299e-14
600829.SH,3.904147009373091e-14
600830.SH,4.2686185808993706e-14
600831.SH,6.821001468026846e-14
600833.SH,7.092538238436668e-14
600834.SH,4.229158818902811e-14
600835.SH,6.957365393392405e-15
600838.SH,5.902347036636764e-14
600839.SH,4.0801192065603044e-15
600841.SH,2.2288307511834325e-14
600843.SH,2.692044179257289e-14
600844.SH,6.723083258780276e-14
600845.SH,2.9934711185479302e-15
600847.SH,1.106511955915558e-13
600846.SH,3.197744991086037e-14
600850.SH,1.2746844284958492e-14
600848.SH,9.255702104143491e-15
600851.SH,2.2671162465076113e-14
600853.SH,5.0762733577983974e-14
600857.SH,7.107154210744982e-14
600854.SH,6.164859520783481e-14
600855.SH,3.047424983221043e-14
600858.SH,6.475975484454983e-14
600860.SH,3.1932034976029877e-14
600859.SH,1.1770598658231061e-14
600861.SH,1.5502158611568964e-14
600864.SH,1.4895295729876567e-14
600865.SH,5.2292758950289405e-14
600863.SH,6.276055410960902e-15
600862.SH,6.133793372188206e-15
600866.SH,1.521527552344831e-14
600868.SH,3.340039968008218e-14
600869.SH,1.6436846552920756e-14
600867.SH,1.0972793612454594e-14
600871.SH,4.685395679952956e-15
600872.SH,1.345002794414259e-14
600873.SH,6.306548613015029e-15
600875.SH,2.8855361401333947e-15
600876.SH,3.2100835750689136e-14
600874.SH,1.9335149061251123e-14
600877.SH,1.4437754144238995e-14
600879.SH,5.1565797001330366e-15
600882.SH,1.4852786300558695e-14
600883.SH,1.0533229356040536e-13
600880.SH,3.539486254275891e-14
600881.SH,3.021433856010085e-14
600885.SH,5.998443079901615e-15
600884.SH,8.896861266043025e-15
600886.SH,1.2674778487582679e-15
600887.SH,9.640314294956048e-16
600888.SH,1.9465811866906936e-14
600893.SH,1.8382199874334404e-15
600892.SH,1.238751951607125e-13
600889.SH,4.004217625382163e-14
600894.SH,2.1562603120229467e-14
600895.SH,3.7148232177584266e-15
600897.SH,2.414582374040134e-14
600906.SH,7.147569133463027e-15
600905.SH,9.63345358668306e-16
600900.SH,1.541033583800828e-16
600903.SH,2.3015830968410723e-14
600901.SH,3.652097206836715e-15
600908.SH,1.0098377324930647e-14
600909.SH,5.272632390226095e-15
600916.SH,1.1424379925945339e-14
600925.SH,2.278310366406581e-15
600918.SH,3.1000455562815416e-15
600927.SH,6.985905554186414e-15
600917.SH,1.8270632675507573e-14
600919.SH,4.934776081413631e-16
600926.SH,1.0750679440805754e-15
600928.SH,6.858552369904996e-15
600929.SH,1.9559573156871332e-14
600930.SH,1.0951997620077967e-15
600933.SH,1.1869504054026384e-14
600935.SH,1.6660852975500182e-14
600938.SH,1.2290737245272323e-16
600939.SH,2.5364284707060908e-14
600936.SH,2.8125554679697467e-14
600941.SH,5.0910687534311515e-17
600955.SH,1.7746521727332814e-14
600956.SH,5.7175835856336575e-15
600959.SH,8.307896027640694e-15
600958.SH,1.7243853202144221e-15
600960.SH,4.71286983663583e-14
600961.SH,1.8081119336797945e-14
600963.SH,2.5186522779449245e-14
600962.SH,4.399172179375809e-14
600965.SH,4.8002805487687327e-14
600966.SH,2.8123880120642678e-14
600968.SH,3.4452957930542676e-15
600967.SH,5.147835805433484e-15
600970.SH,8.695544570877896e-15
600969.SH,6.638787588853037e-14
600973.SH,2.7576982724649418e-14
600971.SH,2.5570331936466016e-14
600975.SH,2.7756571061674905e-14
600977.SH,6.118345308481966e-15
600976.SH,3.257980245659509e-14
600979.SH,3.091040032027278e-14
600980.SH,5.5762929332327167e-14
600981.SH,3.1341724856877945e-14
600982.SH,3.4517639601031745e-14
600983.SH,2.2694549138085546e-14
600984.SH,4.928232114207025e-14
600985.SH,6.1492749092073e-15
600986.SH,1.8814991636600784e-14
600989.SH,1.5078038340250991e-15
600988.SH,4.5616385327683235e-15
600987.SH,2.3928619006135604e-14
600992.SH,5.487555202442227e-14
600990.SH,2.908849078257785e-14
600996.SH,2.0256754424958777e-14
600993.SH,1.5693708718013817e-14
600995.SH,5.8434063393601635e-15
600999.SH,9.646980489056082e-16
600997.SH,2.0501463512371992e-14
600998.SH,5.742520191263275e-15
601000.SH,6.557714181921779e-15
601001.SH,9.072272173441463e-15
601002.SH,4.0244486812990855e-14
601003.SH,1.2943266236913994e-14
601005.SH,1.3584271487948449e-14
601006.SH,9.646585865767332e-16
601007.SH,6.126253590478987e-14
601008.SH,2.544464238035656e-14
601009.SH,9.42698641298741e-16
601011.SH,3.8770441086619664e-14
601010.SH,3.2774592995940404e-14
601012.SH,1.911483543383435e-15
601015.SH,3.0430115411638956e-14
601016.SH,9.045494227327155e-15
601019.SH,7.028947089847966e-15
601020.SH,1.4170414088540736e-14
601018.SH,1.6798187568494996e-15
601022.SH,1.676895195469305e-14
601021.SH,3.3278855532517578e-15
601033.SH,1.0758120943419794e-14
601059.SH,3.692450885358789e-15
601038.SH,1.4889403010464272e-14
601065.SH,2.4115951353571016e-14
601061.SH,3.864063503630242e-15
601058.SH,4.384376321260176e-15
601068.SH,1.3641291704824757e-14
601066.SH,9.506493334654274e-16
601069.SH,1.1307634974054724e-14
601083.SH,1.1357665125255534e-14
601089.SH,9.541235184739343e-15
601077.SH,1.1869353522324712e-15
601096.SH,1.5547073770009762e-14
601086.SH,3.111761308177801e-14
601088.SH,2.0705496733926175e-16
601098.SH,6.5282659273413934e-15
601099.SH,7.113797096559645e-15
601100.SH,1.9511770049943818e-15
601108.SH,4.279847073142512e-15
601101.SH,1.799671401633698e-14
601107.SH,8.371149633422911e-15
601106.SH,7.592297831882623e-15
601113.SH,3.951473758665734e-14
601111.SH,1.5397413261177151e-15
601117.SH,3.379852329111735e-15
601121.SH,3.2834515823108126e-14
601116.SH,3.4479488925224454e-14
601118.SH,8.778049426274883e-15
601127.SH,1.1755514477420473e-15
601133.SH,2.975122928930994e-14
601126.SH,1.349450070009872e-14
601128.SH,5.570968226755947e-15
601136.SH,4.0316659227794065e-15
601138.SH,2.69880482645232e-16
601137.SH,1.3046347472141437e-14
601156.SH,6.6499823613202e-15
601155.SH,5.9399894049109595e-15
601139.SH,7.782544570775238e-15
601162.SH,3.730033545167395e-15
601158.SH,5.437548311308683e-15
601163.SH,1.106723621852553e-14
601168.SH,4.921494095263909e-15
601166.SH,3.0684127625312935e-16
601187.SH,6.72936544236143e-15
601169.SH,8.799589845902015e-16
601179.SH,4.644124056043232e-15
601177.SH,2.1948465486405263e-14
601186.SH,1.3349728723860168e-15
601188.SH,3.239933410523726e-14
601198.SH,4.602514386611285e-15
601212.SH,7.130467161210341e-15
601200.SH,1.1110063399317644e-14
601211.SH,3.561285288538314e-16
601199.SH,2.9734678352328706e-14
601208.SH,1.3678662090975347e-14
601216.SH,4.543101563580505e-15
601218.SH,4.643179554372458e-14
601226.SH,2.3564196785563294e-14
601229.SH,6.002991111622365e-16
601222.SH,1.6793550232882867e-14
601225.SH,8.629487256136067e-16
601231.SH,6.295421837207547e-15
601236.SH,4.28106213827173e-15
601228.SH,4.806526756365276e-15
601233.SH,6.8347439431592e-15
601279.SH,3.418542631935892e-14
601238.SH,2.1840512348145043e-15
601288.SH,3.472685315823031e-17
601298.SH,2.171766303464659e-15
601319.SH,3.6369813715366937e-16
601326.SH,7.219057735075565e-15
601311.SH,1.750035472695931e-14
601318.SH,1.4677993621428595e-16
601328.SH,1.6393525084461042e-16
603937.SH,8.95012107497281e-14
603948.SH,5.5549689327110666e-14
603949.SH,5.761758590231085e-14
603933.SH,6.750600278223299e-14
603938.SH,4.286979395656764e-14
603939.SH,7.161567944964027e-15
603950.SH,2.5014522987695466e-14
603936.SH,3.6880994737446966e-14
603958.SH,5.619672678482634e-14
603960.SH,4.7079989467071146e-14
603955.SH,4.41563672073196e-14
603967.SH,3.975982766926922e-14
603956.SH,5.4710692923161625e-14
603966.SH,4.840651440138495e-14
603959.SH,9.00680255505945e-14
603968.SH,7.2258284747928e-14
603976.SH,6.926222810883856e-14
603970.SH,5.07214928404255e-14
603980.SH,3.7074028475398013e-14
603978.SH,6.498422997475588e-14
603969.SH,3.0171810889214906e-14
603977.SH,2.5357092452520543e-14
603979.SH,6.098198973291008e-15
603982.SH,8.229280768495582e-14
603983.SH,1.2837332117070377e-14
603985.SH,3.3695871009225996e-14
603989.SH,3.0738820052712577e-14
603990.SH,5.063085303957252e-14
603987.SH,5.0157905786383134e-14
603986.SH,3.5003962905278684e-15
603991.SH,4.007359257947613e-14
603988.SH,4.6362274409261434e-14
603992.SH,1.455864268124754e-14
603995.SH,3.0015374480214035e-14
605001.SH,5.4769149179992365e-14
605003.SH,5.875818321160765e-14
603993.SH,1.0289533927606377e-15
603997.SH,1.533312928167972e-14
603999.SH,5.206583306512731e-14
603998.SH,4.5544921861957544e-14
605005.SH,2.614036258589731e-14
605006.SH,4.512274748856596e-14
605009.SH,2.220779141562185e-14
605008.SH,1.9943543796141124e-14
605007.SH,3.166944924192587e-14
605011.SH,2.87354295078316e-14
605016.SH,2.7504900748112236e-14
605018.SH,3.5030524526735544e-14
605020.SH,1.9995067234741073e-14
605028.SH,5.962446470962814e-14
605033.SH,7.344206147037503e-14
605055.SH,5.702365589152475e-14
605050.SH,1.9641979745037425e-14
605056.SH,3.165496274930046e-14
605060.SH,3.25597802341898e-14
605058.SH,4.33324026511634e-14
605066.SH,4.2907106600439415e-14
605068.SH,6.621136065548901e-14
605069.SH,9.825078120865956e-14
605077.SH,3.085441788789487e-14
605081.SH,1.384504010454084e-13
605080.SH,5.744326309626921e-14
605086.SH,4.279392528308e-14
605088.SH,2.4424841709142072e-14
605089.SH,6.163722349837602e-14
605090.SH,9.122945478285125e-15
605098.SH,4.829828786910554e-14
605099.SH,1.6258702038169115e-14
605100.SH,5.353823317977398e-14
605111.SH,1.9371540031700667e-14
605108.SH,4.3232376076654754e-14
605116.SH,2.0731144951100503e-14
605117.SH,6.46401916947144e-15
605118.SH,1.7034775215689556e-14
605122.SH,7.08503774205528e-14
605123.SH,2.360007931047002e-14
605136.SH,6.44324949125038e-14
605128.SH,2.7713850570519237e-14
605138.SH,4.472035388033624e-14
605133.SH,3.0183382080654976e-14
605151.SH,7.310098721773577e-14
605155.SH,6.680092499524757e-14
605158.SH,3.4489271631291997e-14
605162.SH,6.061906381472232e-14
605166.SH,4.541497096779685e-14
605167.SH,4.077598078213427e-14
605168.SH,3.635757002069158e-14
605169.SH,4.003397101699052e-14
605177.SH,6.637146665551943e-14
605178.SH,9.280307504477222e-14
605180.SH,7.452130721779724e-14
605179.SH,2.7394347560873137e-14
605183.SH,2.1379661466591804e-14
605186.SH,8.643151872137974e-14
605188.SH,4.314651082363788e-14
605189.SH,4.7966825046467454e-14
605196.SH,1.9631349358011314e-14
605198.SH,1.3658870048916828e-14
605208.SH,5.854767586916323e-14
605199.SH,6.793523013860644e-14
605228.SH,3.842300373040765e-14
605222.SH,2.5566499993932307e-14
605218.SH,5.001558955628447e-14
605255.SH,6.179824852703677e-14
605258.SH,7.76755168410222e-14
605259.SH,3.5451917772389734e-14
605266.SH,6.03739339110973e-14
605268.SH,4.1628123657544726e-14
605286.SH,3.9462787103755505e-14
605277.SH,2.961314966186498e-14
605287.SH,7.963107749803932e-14
605288.SH,4.922711721970863e-14
605289.SH,6.526423156595396e-14
605296.SH,9.51975326982665e-15
605300.SH,3.538703214044286e-14
605303.SH,9.546077364412358e-14
605299.SH,5.995423037747407e-14
605298.SH,5.85647755520708e-14
605305.SH,2.9126843939860966e-14
605318.SH,4.6880162203348216e-14
605319.SH,2.5334433598581667e-14
605333.SH,1.742328234343346e-14
605338.SH,3.9288683277755223e-14
605339.SH,2.1154910381385893e-14
605337.SH,4.6732620753302055e-14
605336.SH,6.37633252981797e-14
605358.SH,1.5289558775368545e-14
605365.SH,2.4001937712346434e-14
605366.SH,5.4991578897785835e-14
605368.SH,1.905573842865486e-14
605376.SH,2.252899500435274e-14
605378.SH,3.495417804857939e-14
605377.SH,3.249124899993271e-14
605369.SH,4.791053087864665e-14
605389.SH,3.091729792198794e-14
605388.SH,4.753297951538118e-14
605398.SH,4.853259458191353e-14
605399.SH,5.6063747945573315e-14
605500.SH,3.593616176128603e-14
605499.SH,1.2397612267398572e-15
605507.SH,1.0856104683419174e-14
605488.SH,2.5310755782382487e-14
605555.SH,2.852616079447161e-14
605566.SH,5.589378427543751e-14
605567.SH,7.812434998323848e-14
605577.SH,4.363998249375182e-14
605580.SH,4.024328102615487e-14
605599.SH,1.3143582696726417e-14
605588.SH,6.810846443369683e-14
605589.SH,8.048532716068524e-15
605598.SH,3.497187353396455e-14
688001.SH,1.910922949112552e-14
688002.SH,7.5173564576633e-15
688003.SH,2.448346284083145e-14
688005.SH,1.8258689827596284e-14
688007.SH,3.0638618283619734e-14
688004.SH,1.1792518931149422e-13
688006.SH,1.99762661803812e-14
688008.SH,2.2339685557810943e-15
688009.SH,2.135314734373552e-15
688010.SH,4.0850645022500145e-14
688011.SH,5.087698394389516e-14
688012.SH,2.047843142450756e-15
688013.SH,5.845601738956388e-14
688017.SH,1.2811070870661232e-14
688015.SH,5.040574719507613e-14
688016.SH,1.6620653773919364e-14
688018.SH,1.1536076474407865e-14
688019.SH,1.1177467104279709e-14
688020.SH,6.114547811747995e-14
688021.SH,1.715294405363038e-13
688022.SH,9.717211469319528e-14
688023.SH,4.9632638533224354e-14
688025.SH,2.8156292052238548e-14
688026.SH,9.130488609039448e-14
688027.SH,8.465535892168097e-15
688028.SH,6.717424187449906e-14
688030.SH,6.116592726168527e-14
688031.SH,5.543827527874631e-14
688029.SH,1.4221211002401644e-14
688032.SH,2.1552768057867176e-14
688033.SH,6.377000810059494e-14
688035.SH,4.5171168890245646e-14
688036.SH,2.683188056198817e-15
688037.SH,1.423960439738968e-14
688045.SH,9.75886067014944e-14
688041.SH,8.444878316125573e-16
688038.SH,1.0700963307688444e-13
688039.SH,5.269811807582977e-14
688046.SH,3.446857249050864e-14
688047.SH,5.2906232010856156e-15
688048.SH,2.3884292317919908e-14
688049.SH,3.0455893070682e-14
688050.SH,1.5574434520383428e-14
688052.SH,1.1357372109386358e-14
688051.SH,1.0748600596887913e-13
688053.SH,7.293727525436381e-14
688055.SH,1.423884685090285e-14
688056.SH,9.094250361526966e-14
688057.SH,3.520317322946778e-14
688058.SH,1.1423854253758008e-13
688059.SH,4.663545440480763e-14
688062.SH,1.803164434622105e-14
688060.SH,9.376825508867422e-14
688061.SH,5.5266974867567265e-14
688063.SH,2.779389365055589e-14
688065.SH,5.083907885056023e-15
688066.SH,4.454120723233661e-14
688067.SH,8.971631733057326e-14
688070.SH,5.309155554717056e-14
688069.SH,6.205971006834848e-14
688068.SH,1.37378527063354e-14
688071.SH,7.604296686509888e-14
688072.SH,6.11117198299329e-15
688073.SH,5.1882972276699555e-14
688075.SH,4.36777808383381e-14
688076.SH,1.748092140055708e-14
688077.SH,7.356126158182117e-14
688078.SH,1.0051075932545569e-13
688079.SH,4.815926723945606e-14
688080.SH,7.35197195906773e-14
688081.SH,8.54153051592909e-14
688082.SH,4.500084841258751e-15
688083.SH,2.30010712470814e-14
688084.SH,3.5865229551822564e-14
688085.SH,3.4702694780952746e-14
688087.SH,3.609093859199677e-14
688089.SH,5.294575402823597e-14
688088.SH,1.3672514428286946e-14
688090.SH,5.380900563068724e-14
688091.SH,1.838461416744984e-14
688092.SH,9.380966992716436e-14
688093.SH,2.18748962414859e-14
688095.SH,4.033734061415161e-14
688097.SH,1.8369123150961028e-14
688096.SH,8.09036714578912e-14
688098.SH,4.766008037564807e-14
688099.SH,8.05564957910775e-15
688100.SH,1.3061783486099409e-14
688101.SH,3.663182842165847e-14
688102.SH,2.0701320248194054e-14
688103.SH,4.61880701736959e-14
688106.SH,2.269241301250261e-14
688107.SH,2.298752840734929e-14
688105.SH,2.5545024686374736e-14
688108.SH,2.905975451076417e-14
688109.SH,6.736886525256513e-14
688110.SH,7.764560960562484e-15
