ts_code,momentum_12m_ex1m
000010.SZ,1.3836214037219061
000006.SZ,0.7329183359013869
000004.SZ,-0.2073132136798438
000001.SZ,0.27579538688350147
000002.SZ,-0.011159555693968648
000008.SZ,0.38564575521097266
000007.SZ,0.3942418125265168
000009.SZ,0.09720517210182744
000011.SZ,0.21184982797004648
000017.SZ,0.1472508513565325
000014.SZ,0.5537109109218082
000020.SZ,0.4448271036571625
000012.SZ,-0.011896860688922817
000019.SZ,0.18394806292102794
000016.SZ,1.4209273182957392
000021.SZ,0.34039561300430854
000028.SZ,-0.1603227515244403
000026.SZ,0.9341470903815434
000029.SZ,0.9480967308117414
000032.SZ,0.7046972322390299
000027.SZ,-0.0164679450104549
000031.SZ,0.30705728380146957
000025.SZ,0.28230854964819574
000030.SZ,0.22587076011733553
000035.SZ,-0.006709533128319789
000034.SZ,0.6584640477963641
000036.SZ,0.2787416881654009
000037.SZ,0.26221991221991225
000045.SZ,0.44487405960087845
000039.SZ,0.021187181496182816
000042.SZ,1.2895023961327161
000048.SZ,0.14361881166327062
000050.SZ,0.30407921491152123
000049.SZ,-0.06986196716216919
000056.SZ,0.9053254437869823
000055.SZ,0.2716688582073198
000059.SZ,0.3583888930979622
000058.SZ,0.6484756269371652
000060.SZ,0.1779339853300732
000061.SZ,0.26909872897295917
000063.SZ,0.24419569964305832
000062.SZ,2.063612696892907
000065.SZ,0.2046808510638296
000068.SZ,0.31892411143131594
000069.SZ,0.21020835112287606
000066.SZ,0.7771113084743968
000070.SZ,0.7917256342179442
000078.SZ,0.04394810555801265
000089.SZ,0.1017650980804996
000088.SZ,0.002178649237472685
000090.SZ,-0.0026494053891313873
000096.SZ,0.36631282234799056
000099.SZ,0.4853286548404765
000100.SZ,0.16424275685440515
000151.SZ,0.4318070818070818
000153.SZ,0.33407530684418574
000155.SZ,0.017324571941120803
000166.SZ,0.21420628301362243
000333.SZ,0.15150060492114958
000157.SZ,0.09384592190562335
000301.SZ,0.08597174163783161
000156.SZ,0.36124433134318634
000158.SZ,2.731220006657914
000159.SZ,0.15053155240561544
000338.SZ,0.08328778607066234
000401.SZ,0.08300164013121036
000403.SZ,-0.313688849382192
000400.SZ,-0.2982094726429563
000402.SZ,0.4046579545119324
000404.SZ,0.25973765141530136
000407.SZ,0.38366085328159194
000408.SZ,0.9202722437769735
000409.SZ,0.553032442712158
000410.SZ,0.007916201354235763
000411.SZ,0.17129268968736766
000419.SZ,0.41074593069046994
000417.SZ,0.3938137271470603
000420.SZ,0.31319340697019427
000415.SZ,0.3553719008264462
000421.SZ,0.38604107134925447
000422.SZ,0.05102313254985957
000423.SZ,0.045559625594581155
000426.SZ,0.480769407665377
000425.SZ,0.2912976895931818
000428.SZ,0.26770025839793266
000429.SZ,0.3162162162162162
000430.SZ,0.31420157846122887
000488.SZ,-0.5120686462127292
000498.SZ,0.23288205935731832
000501.SZ,0.4063409599573249
000504.SZ,0.46325436115040075
000507.SZ,0.24314913844325614
000505.SZ,0.31451895567771615
000506.SZ,8.488383349467568
000503.SZ,0.5083691710936841
000509.SZ,0.49781707858517077
000510.SZ,0.8447653429602888
000513.SZ,0.013939654937188406
000514.SZ,1.0656850047863058
000516.SZ,0.18345398406891378
000517.SZ,-0.2236259541984733
000518.SZ,0.29112236736870145
000519.SZ,0.5837854606418227
000520.SZ,1.1949506726457397
000521.SZ,-0.0373883272599036
000523.SZ,0.2989396362774719
000524.SZ,0.3959558161639587
000525.SZ,0.14032634032634028
000526.SZ,-0.011361099003862618
000528.SZ,0.03880444848819642
000530.SZ,0.7820724921040758
000529.SZ,0.12724014336917566
000531.SZ,0.41103150642148023
000533.SZ,1.3465899139989121
000532.SZ,0.38838825200957594
000536.SZ,1.5937957987298488
000534.SZ,0.6416952360545676
000537.SZ,-0.01752159468438541
000538.SZ,0.08216780183072325
000539.SZ,0.055128205128205265
000541.SZ,0.49384615384615393
000543.SZ,-0.17153153153153144
000544.SZ,0.1362252467264402
000545.SZ,0.5336927223719676
000546.SZ,0.28588408644400776
000547.SZ,0.31580400276052445
000548.SZ,0.3754051799203999
000550.SZ,-0.22027452503532807
000552.SZ,-0.03605208465877774
000554.SZ,0.3761616800853169
000555.SZ,0.6330502394728277
000553.SZ,0.6710867844410219
000551.SZ,0.20896483606988836
000557.SZ,0.3703477012170717
000558.SZ,1.5432411239813801
000559.SZ,0.7833513428333445
000560.SZ,0.28521506757798454
000561.SZ,0.6155243337384082
000564.SZ,0.3696794729439633
000565.SZ,1.2019973354119329
000563.SZ,0.33496314675618477
000566.SZ,1.1580141348922435
000567.SZ,0.3036634158539635
000568.SZ,-0.0847630108299604
000570.SZ,0.32159800249687875
000571.SZ,0.5199999999999998
000573.SZ,0.9787123864416702
000576.SZ,0.8754589160839161
000572.SZ,0.17270427672216027
000581.SZ,0.13080333854981752
000582.SZ,0.09658394160583961
000586.SZ,0.6613849968286918
000589.SZ,-0.044408532643826715
000591.SZ,0.03146582519647534
000590.SZ,1.5478321678321678
000593.SZ,0.3620959135936874
000592.SZ,1.27638506496643
000595.SZ,0.4498421515689962
000596.SZ,-0.2517781341706654
000597.SZ,0.41859488354333707
000598.SZ,-0.08209825416159167
000603.SZ,0.21123033329370267
000599.SZ,0.5230090999104153
000605.SZ,0.586353711790393
000601.SZ,0.5249056955866869
000600.SZ,0.4446857935861467
000607.SZ,0.9375820056232426
000608.SZ,0.3477443609022557
000609.SZ,0.7833663511629614
000619.SZ,0.6630818619582668
000612.SZ,0.23073296624460782
000610.SZ,0.09421113130881109
000617.SZ,0.6839557957570381
000615.SZ,0.5491756149865582
000620.SZ,0.07891035605892371
000623.SZ,0.38407557645337276
000625.SZ,-0.15544208926910952
000626.SZ,0.7434292866082601
000627.SZ,0.009663284517085646
000628.SZ,-0.0018290504273537067
000629.SZ,0.17316017316017307
000630.SZ,0.13007898534214313
000631.SZ,0.36601731601731613
000632.SZ,0.5610687022900762
000633.SZ,0.6686959168587205
000635.SZ,0.6576718031781361
000637.SZ,0.35319413109640707
000636.SZ,-0.03628413545340714
000639.SZ,0.43641895170279466
000638.SZ,0.36356253037628217
000650.SZ,-0.0036994367639529013
000651.SZ,0.18062537883983532
000652.SZ,0.49914029259194503
000655.SZ,0.7544884527721587
000656.SZ,0.2613675213675214
000657.SZ,0.6597188017299158
000659.SZ,0.602836879432624
000661.SZ,0.12399505226675966
000663.SZ,0.6967252384911296
000665.SZ,0.6367156074014482
000668.SZ,0.42807783233315155
000669.SZ,1.353052584670232
000672.SZ,0.42820215935573325
000676.SZ,0.5775845051392079
000670.SZ,0.8490811681621491
000677.SZ,1.2343129130277721
000678.SZ,3.296712299616967
000679.SZ,1.760520596347183
000680.SZ,0.4191125034216372
000681.SZ,0.8354465383589669
000685.SZ,0.28669438669438674
000682.SZ,-0.028631782551155616
000683.SZ,-0.24380221171755423
000686.SZ,0.44385964912280707
000688.SZ,0.40562809982437975
000690.SZ,0.022212524920638854
000691.SZ,0.7158037674794868
000692.SZ,0.21514233471963284
000697.SZ,0.4899786789914313
000695.SZ,0.5803651649338981
000698.SZ,0.3494661861496031
000700.SZ,0.34974557546008733
000701.SZ,0.8139997042185824
000702.SZ,1.108140615442526
000703.SZ,-0.10082730490011194
000705.SZ,0.19734195402298838
000707.SZ,0.011053229145795651
000708.SZ,0.0226656627478532
000709.SZ,0.2939516129032256
000711.SZ,0.09735884651664206
000710.SZ,1.0921889854515774
000712.SZ,0.3471218710406465
000713.SZ,0.3554147887103014
000715.SZ,0.25139398385913414
000716.SZ,0.7359764542936289
000717.SZ,0.7067688937568455
000718.SZ,0.4081757007365019
000720.SZ,0.6128965554769549
000719.SZ,0.3623714124710957
000721.SZ,0.2736166824876749
000722.SZ,0.4239720037792981
000723.SZ,0.09827473247433949
000726.SZ,0.20594608650429058
000725.SZ,0.05373936408419144
000727.SZ,0.27266156462585056
000728.SZ,0.3090134996794902
000729.SZ,0.4168016756826147
000731.SZ,0.10590942439805251
000733.SZ,0.2318358335633095
002281.SZ,0.4455885842491838
002286.SZ,0.8553443482584816
002284.SZ,0.5602102102102102
002287.SZ,0.27047214516874707
002289.SZ,8.168612458784066
002290.SZ,1.5083349032339957
002292.SZ,0.728383470829514
002291.SZ,0.598956453747143
002294.SZ,0.6162556104885555
002293.SZ,0.1950120852559879
002295.SZ,1.2745711386708587
002298.SZ,0.8918527245949928
002297.SZ,0.3807429508789604
002296.SZ,0.3605620216745191
002299.SZ,0.2259928039921364
002300.SZ,0.38817128554085045
002301.SZ,0.5288865997081293
002302.SZ,0.275291361287997
002303.SZ,0.6138007208464134
002306.SZ,-0.20458980404910965
002305.SZ,0.9005338335016595
002304.SZ,-0.18667043428819563
002307.SZ,0.5624503461582115
002309.SZ,0.9032237643819139
002310.SZ,0.5833333333333334
002311.SZ,0.3022364660167256
002312.SZ,0.6861289451676839
002316.SZ,0.7501808728494526
002314.SZ,0.6112214797423395
002313.SZ,0.733435064443716
002317.SZ,0.5932142698809479
002315.SZ,1.0257266616878267
002319.SZ,0.4259213841176408
002318.SZ,0.11990964747704158
002320.SZ,0.3734198473282442
002322.SZ,-0.12527766030848675
002321.SZ,0.7193808345966648
002324.SZ,0.4900990099009901
002323.SZ,0.5276586504532869
002326.SZ,0.7200994097545821
002327.SZ,-0.15163734115347016
002328.SZ,0.29066735797348353
002329.SZ,0.4385970470819338
002330.SZ,0.30986347599325037
002332.SZ,-0.1573363158212926
002331.SZ,0.08114843441141772
002333.SZ,0.06637127578304058
002334.SZ,0.41043102300342893
002335.SZ,1.1169777769436666
002337.SZ,0.5449129566210047
002340.SZ,0.04258932261336734
002342.SZ,1.583751052090152
002338.SZ,0.6256626959870306
002339.SZ,0.5492756280946267
002343.SZ,0.7293411983726061
002344.SZ,0.47329690346083797
002346.SZ,1.1318489379866243
002345.SZ,2.8111884259274724
002350.SZ,0.4652738048925604
002348.SZ,0.7494847314681008
002349.SZ,0.14553796374055228
002351.SZ,0.11263994918157372
002347.SZ,0.8933384102117783
002352.SZ,0.3561265371315898
002353.SZ,0.18846969604097796
002356.SZ,0.2857682857682857
002354.SZ,1.655569213367728
002355.SZ,0.3812758322386338
002357.SZ,0.4298959788852663
002358.SZ,0.6486574746008706
002360.SZ,0.14682761950748446
002361.SZ,1.233613445378151
002362.SZ,0.5315552375830956
002363.SZ,0.3923571337660685
002364.SZ,1.7522156464053251
002366.SZ,1.6170204924074891
002367.SZ,0.2574279128307382
002368.SZ,0.4781181924039064
002365.SZ,2.076908309785022
002369.SZ,1.6940855366052219
002370.SZ,1.2511152803835732
002371.SZ,-0.0033562565485868445
002373.SZ,0.16779283159336056
002372.SZ,-0.2622586625751182
002374.SZ,0.7111764705882354
002376.SZ,0.5514991590790466
002375.SZ,0.27434515603459064
002377.SZ,0.8739098837209303
002378.SZ,0.6676193615218007
002380.SZ,0.5250565221515213
002379.SZ,1.6496153687934512
002381.SZ,0.09925808086496213
002382.SZ,0.4662191163957019
002383.SZ,0.7587156995051734
002384.SZ,0.9775262055440752
002385.SZ,0.07565593321407271
002386.SZ,0.3808473670141672
002388.SZ,0.5613273186023395
002389.SZ,0.9441634826046401
002387.SZ,0.5770325829256588
002390.SZ,0.13770661157024788
002391.SZ,0.3862044383833374
002392.SZ,1.2148697862983577
002393.SZ,0.34100643540662556
002397.SZ,1.0333333333333332
002394.SZ,0.4907606007222587
002396.SZ,1.097286807001711
002398.SZ,0.4908816964285714
002395.SZ,0.4799444028282176
002399.SZ,0.293513712592288
002400.SZ,0.5782503684296709
002401.SZ,0.33277404921700215
002402.SZ,1.478868779326445
002404.SZ,0.23040962874669324
002403.SZ,1.3904910007199425
002405.SZ,0.2922715108263725
002406.SZ,0.6128023198068349
002407.SZ,0.12541577346751276
002408.SZ,-0.08551867701698512
002409.SZ,-0.07359716718317078
002413.SZ,0.6745559169377031
002412.SZ,0.26621847374649055
002410.SZ,0.31944388471812823
002415.SZ,-0.05757873478521924
002414.SZ,0.9310530203161957
002416.SZ,0.42327264867488523
002418.SZ,1.0037537537537535
002419.SZ,0.3333769097358399
002422.SZ,0.08620360833454965
002420.SZ,0.17320195042665598
002421.SZ,0.5618189211168338
002423.SZ,0.6825485331059259
002424.SZ,0.6374063897419318
002425.SZ,0.4077700077700077
002426.SZ,1.0
002427.SZ,1.8278523402140072
002428.SZ,0.7143656331315054
002432.SZ,-0.06260835623037098
002431.SZ,0.6244781366732587
002429.SZ,-0.0434458788480635
002430.SZ,0.09437503541277126
002434.SZ,0.6445774527169874
002437.SZ,0.8163641470350733
002436.SZ,0.5640105740181272
002438.SZ,0.25424088117345534
002440.SZ,0.41982723048493875
002439.SZ,0.08754027926960273
002442.SZ,0.5475169037931629
002441.SZ,0.29218677762367085
002443.SZ,0.2593008102442065
002445.SZ,0.5438075153374233
002444.SZ,0.2909660705212158
002446.SZ,0.3683428930619941
002448.SZ,0.5349780324139299
002452.SZ,-0.024267517147303463
002451.SZ,0.48816140083745707
002449.SZ,0.4193880786303107
002453.SZ,0.5421546706416809
002454.SZ,0.4997991288058319
002456.SZ,0.35612506375091746
002458.SZ,-0.06902609585536412
002455.SZ,-0.09192255152343054
002459.SZ,0.09942727040640209
002457.SZ,0.46820721588368874
002460.SZ,0.24689181068423882
002461.SZ,0.36731513665472104
002462.SZ,0.2866641943813919
002465.SZ,0.3747038794216371
002466.SZ,0.17452839929162822
002468.SZ,0.7300261256402312
002467.SZ,0.9393221629092512
002463.SZ,0.44303689436489546
002469.SZ,0.6295012803540099
002470.SZ,0.31340579710144933
002471.SZ,1.4207601713062097
002474.SZ,0.7356804266245308
002478.SZ,0.12692612485691646
002472.SZ,0.5203092095583375
002476.SZ,0.25546884432590256
002475.SZ,-0.05804519582023637
002479.SZ,0.5423925235632153
002480.SZ,1.3778000369032866
002481.SZ,0.26506736093892036
002485.SZ,0.3721561540707541
002483.SZ,0.48998483179919816
002484.SZ,0.793381136238279
002482.SZ,0.21406338426711946
002486.SZ,0.9263124934766727
002487.SZ,0.43177539743699056
002488.SZ,2.0166579167671723
002489.SZ,0.47898412698412707
002491.SZ,0.7411741878257013
002490.SZ,2.0386109762020403
002492.SZ,0.515226502586053
002493.SZ,-0.035988785988785965
002495.SZ,0.8988838692532555
002494.SZ,0.72749251669353
002496.SZ,-0.24866082718348392
002497.SZ,0.40706959359615635
002498.SZ,0.09192335243553007
002500.SZ,0.3276231263383298
002501.SZ,0.8968564146134239
002507.SZ,0.06112695525369394
002506.SZ,0.5055957867017773
002508.SZ,-0.12360243484324607
002510.SZ,0.7823104576743886
002511.SZ,0.029831510639699577
002512.SZ,0.548075046513746
002513.SZ,0.6214406109694068
002514.SZ,0.4772780157369023
002516.SZ,0.4742606675116181
002517.SZ,1.2171702956474748
002515.SZ,0.6807741892416233
002518.SZ,0.26581837782431594
002519.SZ,0.13271390767421343
002520.SZ,0.755456132693147
002521.SZ,-0.06578754578754575
002522.SZ,0.6648413698917952
002523.SZ,0.7247166521360069
002524.SZ,0.5361744870139189
002526.SZ,0.7122180704992571
002527.SZ,1.8695545719935966
002528.SZ,0.4733620277379247
002529.SZ,0.4434110007639418
002530.SZ,0.5705811717573684
002531.SZ,-0.18487987012987017
002532.SZ,0.3155341773520155
002534.SZ,0.1629219687272545
002533.SZ,0.06494619931152434
002535.SZ,0.3271545199632746
002536.SZ,0.896756082345602
002537.SZ,0.9912455093997419
002538.SZ,0.20405260692055416
002539.SZ,0.5365079365079366
002542.SZ,1.6952162819199166
002540.SZ,0.1982503126869326
002541.SZ,0.3312143992734127
002543.SZ,0.2895196506550217
002544.SZ,0.31451748578195593
002545.SZ,0.6202982202982201
002546.SZ,0.9901747018762281
002548.SZ,0.07370061796512895
002547.SZ,0.9266898063573257
002550.SZ,0.8738004013866083
002549.SZ,1.349053767848603
002551.SZ,0.7778626602156014
002552.SZ,0.39061440858090224
002553.SZ,1.8057330903750444
002554.SZ,0.34706437852095484
300246.SZ,0.6505157677571471
300245.SZ,2.1827327499575544
300247.SZ,0.7711763848699962
300248.SZ,1.4814402125423796
300251.SZ,1.7320738457597578
300249.SZ,1.3987042842215258
300250.SZ,0.48898137945463427
300252.SZ,0.5996885808041799
300253.SZ,0.9331252001280819
300254.SZ,0.4801086156111931
300255.SZ,3.742815175974484
300256.SZ,1.4442536630036633
300257.SZ,0.3381766158312294
300259.SZ,0.5080638034641216
300258.SZ,0.7301108892488914
300260.SZ,0.7380757737373078
300261.SZ,0.47768987165334154
300264.SZ,0.5101787101787101
300263.SZ,0.4853737705319632
300265.SZ,0.5230215203054496
300268.SZ,0.5779781738685847
300267.SZ,0.7015984547337775
300266.SZ,1.2418118466898957
300269.SZ,1.2770390634940834
300271.SZ,0.8110240334378265
300270.SZ,0.2936865295328879
300272.SZ,0.4764769791489012
300275.SZ,0.3216253758910719
300276.SZ,2.1449078138718174
300274.SZ,0.08848614072494665
300277.SZ,0.9493397940642034
300278.SZ,0.9788275099225716
300280.SZ,-0.12549945314523858
300279.SZ,0.843581110247777
300284.SZ,0.3825715485496477
300285.SZ,-0.014209552017771188
300281.SZ,0.4231951269811729
300283.SZ,0.556089712208145
300286.SZ,0.21204333454476232
300287.SZ,1.5333919156414764
300289.SZ,0.9065735299996001
300288.SZ,0.4271901348973053
300290.SZ,0.707475047309724
300291.SZ,0.5287954168551183
300293.SZ,0.5683392369068094
300294.SZ,-0.11679680526408143
300292.SZ,0.5189659946135065
300295.SZ,0.7954733387323645
300296.SZ,0.4948411424903725
300300.SZ,3.168399306943889
300298.SZ,-0.013633338998527922
300301.SZ,1.0487394957983192
300299.SZ,1.1550542635658911
300302.SZ,0.5014467614654418
300303.SZ,0.39321685144124174
300304.SZ,0.40421831386223483
300305.SZ,0.2833902282910177
300310.SZ,0.8102888094389913
300306.SZ,0.5105972205986022
300307.SZ,0.34119966681779346
300308.SZ,0.24384074269404987
300313.SZ,0.4518366120344901
300311.SZ,0.20468603561387044
300314.SZ,0.2870879120879122
300315.SZ,0.4766309964329767
300317.SZ,0.22570532915360508
300320.SZ,0.34078022288973053
300319.SZ,0.11806791038237208
300318.SZ,0.3329646848396719
300316.SZ,-0.04421768707482987
300321.SZ,1.034739643601018
300322.SZ,1.0128222231514172
300323.SZ,0.8593226784590482
300324.SZ,1.3439634127499156
300326.SZ,0.6329088495266044
300328.SZ,1.6624519685973298
300327.SZ,0.3188174680785423
300329.SZ,1.612631847082522
300331.SZ,0.5058258915599636
300332.SZ,-0.037602924343684174
300333.SZ,2.3120372618705987
300334.SZ,0.49220436283394187
300335.SZ,0.553240897755611
300340.SZ,1.7037042768904846
300339.SZ,1.5798473946160456
300338.SZ,1.523286052009456
300337.SZ,0.5219301061462078
300341.SZ,1.0074355480627852
300344.SZ,0.571663881016399
300343.SZ,0.12860020591790144
300345.SZ,0.21012807638778774
300342.SZ,0.19163971733141705
300347.SZ,0.18493911325840773
300348.SZ,1.4430124496447823
300349.SZ,0.19025919514924472
300346.SZ,0.09177410605921987
300352.SZ,0.4487305464312118
300351.SZ,0.09415656647107218
300350.SZ,0.26510787599497276
300353.SZ,1.9007516902253745
300354.SZ,0.18856040167865706
300357.SZ,0.1955050302355259
300358.SZ,0.17288034668695618
300355.SZ,0.9164625850340137
300359.SZ,0.4454756380510443
300360.SZ,0.13042539847659385
300364.SZ,0.36592148585719364
300365.SZ,0.520682302771855
300363.SZ,0.767917464015309
300366.SZ,0.11206132577100325
300368.SZ,4.236062828388653
300369.SZ,0.6411708283053311
300370.SZ,0.8887685953727096
300371.SZ,0.7835155999038328
300374.SZ,0.24437354820676438
300375.SZ,0.19450329229888363
300373.SZ,0.26606579605476743
300376.SZ,0.5306600335301408
300377.SZ,3.3035782993459017
300378.SZ,2.2688076899049516
300381.SZ,0.3319610121659118
300379.SZ,-0.25273915637599664
300380.SZ,1.7510227133660505
300382.SZ,1.8342002328983908
300383.SZ,0.8031149422700368
300384.SZ,0.5734725097592839
300385.SZ,0.6708075913251514
300386.SZ,1.3575563431479463
300387.SZ,0.6060162559130231
300388.SZ,0.32476985813005155
300389.SZ,-0.01413397462963295
300390.SZ,0.1729892305584173
300391.SZ,-0.08679549405969267
300393.SZ,0.1321036106750394
300394.SZ,-0.0862939847681381
300395.SZ,0.9512409957858821
300396.SZ,-0.08346246236684673
300397.SZ,0.5674174824715053
300398.SZ,0.7184675343371987
300399.SZ,2.773341399475701
300400.SZ,0.7030309296936728
300401.SZ,-0.029436824049983934
300402.SZ,0.5863599050429303
300403.SZ,1.3824353238669518
300405.SZ,0.7835744256330508
300404.SZ,0.42123412807161786
300407.SZ,0.29106650036402226
300406.SZ,0.07540186516732161
300408.SZ,-0.023137633418075954
300409.SZ,0.9398885764865146
300410.SZ,0.7316014118033325
300411.SZ,0.08068717096148514
300413.SZ,0.12743490434989546
300412.SZ,0.8911758077132135
300414.SZ,1.2967250141163187
300415.SZ,0.13860533515098328
300416.SZ,0.28167397579046294
300417.SZ,0.7717201215323868
300418.SZ,0.15508008337848844
300419.SZ,0.23687092111602648
300421.SZ,0.9155031302856129
300420.SZ,0.7028423772609818
300422.SZ,0.17556423026876655
300423.SZ,0.31691478332987755
300426.SZ,0.45998115329665323
300424.SZ,0.4529614844343106
300425.SZ,0.34936515589842476
300427.SZ,0.6999758976332913
300428.SZ,0.07566152387932834
300432.SZ,1.0950847382795006
300430.SZ,0.9724903801503237
300429.SZ,0.18881190045237295
300434.SZ,0.41370649002056203
300435.SZ,0.5073235630018957
300436.SZ,6.350686437256046
300433.SZ,0.28574391413683164
300437.SZ,0.0963424686836436
300438.SZ,0.40969632392115085
300439.SZ,0.24635889752473705
300440.SZ,1.4746236433656201
300441.SZ,0.306328282685854
300442.SZ,1.1663627645402197
300443.SZ,0.30595213265199717
300444.SZ,0.25365984303314004
300445.SZ,0.17341599908703742
300446.SZ,0.3376087303694941
300447.SZ,0.2099048325299715
300449.SZ,0.7548144563125374
300448.SZ,0.6909706382824663
300450.SZ,0.5055061929803426
300452.SZ,0.30032921519345823
300451.SZ,0.691711389385808
300454.SZ,0.9736162842256955
300453.SZ,0.37829972158907177
300455.SZ,0.11337366130743787
300456.SZ,0.1533915479714878
300457.SZ,0.3934125962765951
300458.SZ,0.6636546680461866
300459.SZ,0.6530071388638023
300460.SZ,0.16282738541510478
300461.SZ,0.1768947015425888
300462.SZ,0.05017320216156307
300463.SZ,0.1090747996814121
300464.SZ,0.6462415237442287
300465.SZ,1.3335473077092415
300466.SZ,0.7926756173579477
300467.SZ,0.67908724840264
300468.SZ,3.9117973529250727
300469.SZ,2.300185221157811
300471.SZ,0.5833301608737554
300470.SZ,0.18230385441011632
300473.SZ,1.1827974707009126
300472.SZ,0.1881053764447147
300474.SZ,0.13441318008731917
300475.SZ,0.2271744416241479
300476.SZ,3.6600299784007557
300477.SZ,0.004226190476190328
300478.SZ,1.2711964759378553
300479.SZ,0.6057441200283271
300480.SZ,0.16446945750777364
300481.SZ,0.10852679030292345
300482.SZ,-0.11889040262474992
300483.SZ,0.6244281080468561
300484.SZ,0.6571832419372508
300485.SZ,1.3404049363857844
300486.SZ,1.076679282220147
300488.SZ,0.7413419913419914
300487.SZ,0.32840769513368373
300489.SZ,0.9478536606248782
300490.SZ,0.21197411003236222
300491.SZ,0.34228448737954276
300492.SZ,-0.03819830177979078
300493.SZ,1.6267111267111267
300494.SZ,0.5587989467532224
300497.SZ,0.19249877705760055
300496.SZ,0.3045355055487038
300498.SZ,-0.10744491463592576
300499.SZ,0.6840517965722994
300500.SZ,0.23142968142968123
300501.SZ,0.5883844648419196
300502.SZ,0.5215398859222244
300503.SZ,0.7733204957515984
300505.SZ,0.8003055503055503
300506.SZ,0.80430929168563
300508.SZ,0.44888419341731023
300507.SZ,0.3729687345506556
300509.SZ,1.0100170604298384
300504.SZ,0.40692776595988
300511.SZ,1.6142025342586355
300510.SZ,0.4704891356370251
600081.SH,0.4979056336493407
600079.SH,0.1419604333230542
600080.SH,0.2188712086948179
600082.SH,1.0745242157763486
600085.SH,-0.02885413283440752
600088.SH,0.11375704294263667
600084.SH,0.2680242735441709
600089.SH,-0.10179558854045889
600096.SH,0.19160628844839378
600094.SH,0.06405808400740665
600097.SH,0.4070805593619513
600098.SH,0.08854969911397381
600095.SH,0.8076163774982671
600099.SH,0.5091956521739129
600100.SH,0.5063705871221214
600101.SH,0.3121217063535211
600103.SH,0.35008990495761627
600104.SH,0.18388323731835188
600106.SH,0.6634625148079203
600107.SH,0.44020609776869357
600105.SH,1.5539713289422705
600108.SH,0.2772537868123204
600109.SH,0.2669093444909345
600110.SH,0.9856588751658675
600111.SH,0.9419444030110093
600113.SH,3.1540424030112826
600115.SH,-0.02777558016877646
600114.SH,0.5325043454209162
600116.SH,-0.019373365908019413
600117.SH,0.12113095238095206
600118.SH,0.3239230996358389
600119.SH,0.2227920492771287
600120.SH,0.8175036406357488
600121.SH,0.3725604996096801
600127.SH,0.1899633240460088
600126.SH,1.5019565309854963
600123.SH,-0.13253506248314306
600128.SH,0.787502138485566
600125.SH,-0.03210182473530088
600129.SH,-0.18572466834880663
600130.SH,0.09940532637901067
600135.SH,0.5959273385480637
600131.SH,0.03736629112272394
600133.SH,0.11476859158978359
600137.SH,0.6605004789272031
600136.SH,0.5048484848484849
600132.SH,-0.06964093939034399
600138.SH,0.021606154423492008
600141.SH,0.2596183678228512
600143.SH,0.9509189137805378
600149.SH,0.7336078390493066
600148.SH,0.8981299585457461
600150.SH,-0.18747678069228224
600152.SH,0.3771033427601641
600151.SH,0.6234355537101846
600153.SH,0.3346839413025464
600155.SH,0.1893407139308778
600156.SH,1.3556199327861822
600158.SH,0.1307075954348682
600157.SH,0.22186911487758953
600159.SH,0.4261806812571993
600160.SH,0.39511625799196914
600161.SH,-0.21036257348556286
600162.SH,0.3366069131143321
600163.SH,-0.016545237869534102
600165.SH,1.0456103678929765
600167.SH,0.14012470665453014
600166.SH,0.04559612616149711
600168.SH,0.1973427672955974
600169.SH,0.3582889976590763
600170.SH,0.07301531420524576
600171.SH,0.6349157709205107
600172.SH,1.3407874617737001
600177.SH,0.07807597532791521
600173.SH,0.8159928821664907
600178.SH,0.7137187344018634
600179.SH,0.3739872001008857
600176.SH,0.1335040415814719
600180.SH,0.24797262756761773
600182.SH,0.2385416652303386
600183.SH,0.7098476886953233
600184.SH,1.2366345444948068
600186.SH,0.9377558186195826
600187.SH,0.28432611019337284
600185.SH,0.1743489805844386
600188.SH,-0.18787101901293835
600189.SH,0.0695252229486717
600191.SH,0.7145074676959222
600192.SH,1.5538947266943028
600193.SH,0.3380841895923101
600197.SH,-0.09798844383022876
600195.SH,0.17588719485034376
600196.SH,0.11197471172585538
600198.SH,0.8053643185669328
600199.SH,-0.04620501441785574
600200.SH,-0.32498234976535567
600201.SH,0.2280604207209711
600202.SH,0.6757494568052551
600203.SH,1.0695760856250385
600206.SH,1.226699707751215
600207.SH,0.25199297048111446
600208.SH,1.081639566395664
600210.SH,0.3817992441151089
600211.SH,0.16781984772014935
600212.SH,0.5947680017553769
600217.SH,0.07583057691049055
600215.SH,0.2466181956067406
600218.SH,0.3601253229590473
600216.SH,0.2028949920685148
600219.SH,0.09558895903932951
600221.SH,0.3348464619492655
600222.SH,0.47023764825844494
600223.SH,0.3349167693321491
600227.SH,0.8262130642334884
600226.SH,0.5190721649484537
600228.SH,0.05879067169389762
600229.SH,0.1582830048739139
600230.SH,0.1967798992052725
600231.SH,0.5678913126674319
600232.SH,0.5135306675898679
600233.SH,-0.037542881867537625
600234.SH,2.477106227106227
600235.SH,0.45141485816888505
600237.SH,0.5503126580532438
600236.SH,-0.08241487709729955
600239.SH,0.32709587183182165
600238.SH,-0.2771756978653531
600241.SH,0.6246757856226282
600243.SH,0.07085624174231775
600246.SH,0.0186290667154978
600249.SH,0.6012159174649964
600248.SH,0.1512196922168505
600250.SH,0.5454608559982017
600252.SH,0.2473003645367633
600255.SH,1.1166579085654231
600251.SH,0.1482850500715307
600256.SH,0.022737508100923787
600257.SH,0.2653514283320768
600258.SH,0.16856319961443722
600259.SH,1.3738328072257995
600261.SH,0.2698512953482701
600265.SH,0.39642290028281146
600266.SH,0.2944314966315039
600262.SH,0.23644903756434688
600267.SH,0.6402303428590395
600268.SH,0.6651266397161955
600269.SH,0.049916356375802606
600271.SH,0.19961905577194705
600272.SH,0.4048125
600273.SH,0.30529111984544666
600276.SH,0.4131450740152587
600278.SH,0.37472698162353324
600279.SH,0.5683596036050095
600280.SH,0.5639272675209392
600281.SH,1.8757305645345612
600282.SH,0.013510855884203643
600284.SH,0.24261403663261683
600285.SH,0.08346495710613544
600283.SH,-0.12748979900256907
600287.SH,1.1582104745456419
600289.SH,4.0431288819875775
600288.SH,0.8349096179928008
600292.SH,1.5109642166443256
600293.SH,0.3415977961432508
600295.SH,0.10188550658791473
600298.SH,0.18952788661761177
600299.SH,-0.10144941141129848
600300.SH,0.4682449883163202
600302.SH,1.0080447342475147
600301.SH,0.26858823529411757
600303.SH,0.4174185831794529
600305.SH,0.09421743587482512
600307.SH,0.3782051282051284
600308.SH,0.13032971608033384
600309.SH,-0.32455810764831594
600313.SH,0.17299523637551806
600310.SH,0.05624036544944311
600312.SH,-0.23183135191535253
600316.SH,1.11978162010562
600315.SH,0.25172100925931873
600318.SH,0.651409204642086
600319.SH,1.2197370530703862
600320.SH,0.21867927714913038
600322.SH,1.1394317074421703
600323.SH,0.11108196033161932
600325.SH,-0.12716743372450456
600326.SH,1.9904507529507525
600327.SH,0.5453335235106737
600329.SH,0.016922955620303215
600328.SH,0.06926743431168214
600332.SH,-0.10358083251146699
600331.SH,0.6037518976360876
600330.SH,0.21049008394656776
600333.SH,0.37664864864864867
600335.SH,0.10238907849829348
600336.SH,0.5815895922868406
600337.SH,0.5057083703046436
600338.SH,0.25948078215836756
600345.SH,0.6179377584503651
600339.SH,0.1233680890212916
600340.SH,1.230325992580314
600343.SH,0.7217176905691391
600346.SH,0.02881001365087843
600348.SH,-0.011890321756894862
600350.SH,0.20887491264849745
600351.SH,0.15688684075780834
600352.SH,0.20698516117615906
600353.SH,1.6826177182667128
600354.SH,0.4503569794502287
600355.SH,-0.009991761798281873
600356.SH,0.4319493253503406
600358.SH,1.4885326657514333
600359.SH,0.3183880308880309
600360.SH,1.331269722808234
600362.SH,0.12039622177511333
600361.SH,0.03266775332790006
600363.SH,1.0867213660092845
600365.SH,0.45204258287899546
600366.SH,1.4632314885870823
600367.SH,0.5993430320762897
600368.SH,0.22544545290926377
600370.SH,0.6562706270627063
600369.SH,0.23172281151649377
600372.SH,-0.048431362539696154
600371.SH,0.3808866655166463
600373.SH,-0.20925916340700534
600375.SH,0.787252682794769
600376.SH,0.3456885315121808
600377.SH,0.18816371887628414
600378.SH,-0.06928669172349955
600379.SH,0.6975403594273529
600380.SH,0.14644002672903444
600381.SH,0.42308176100628936
600382.SH,0.5940247116717707
600386.SH,0.4548286604361371
600383.SH,0.3549760028977632
600392.SH,1.4294516890203017
600389.SH,0.6168415287576239
600395.SH,-0.1043957715415621
600391.SH,0.9525124149252631
600388.SH,0.03139776265713312
600390.SH,0.5554045751870191
600396.SH,0.38384547475456576
600397.SH,2.5337374522833307
600405.SH,0.718599033816425
600398.SH,0.07284658538100075
600399.SH,0.008440779610194848
600400.SH,0.08852931209759396
600403.SH,0.7052861099652304
600783.SH,0.3907989239084828
600782.SH,0.29809267069582734
600785.SH,0.25552489880829676
600784.SH,0.44160409778940446
600790.SH,0.19924600758675615
600787.SH,0.25942343295424486
600789.SH,0.5320019706817868
600791.SH,0.560117714797518
600792.SH,0.2893525437914749
600793.SH,2.0315898911686325
600794.SH,0.5991058122205662
600795.SH,-0.16298086065527917
600797.SH,1.1758403331785627
600796.SH,0.42469284774023675
600798.SH,0.5458835123352651
600800.SH,1.1773399014778323
600801.SH,-0.11017544695498871
600802.SH,0.9802374893977948
600803.SH,-0.07497703016276425
600805.SH,0.38604450505865806
600807.SH,0.22686300758589895
600808.SH,0.9457236842105263
600810.SH,0.5835634547591069
600809.SH,-0.026898306508901237
600812.SH,0.5248221382660321
600814.SH,0.326093126093126
600815.SH,0.49695767195767204
600818.SH,-0.04000983945681447
600816.SH,0.1928274428274428
600817.SH,0.25613030847854734
600819.SH,0.5595227702604395
600820.SH,-0.09176100279068033
600821.SH,0.12598381592518515
600822.SH,0.3307239670704518
600824.SH,0.43420309853854366
600825.SH,0.9014531467037076
600826.SH,0.8582084669240335
600827.SH,0.2713955463294959
600828.SH,0.778569534667904
600829.SH,0.40144430144430143
600830.SH,0.3768475356716501
600831.SH,1.2305423878293464
600833.SH,0.17366410357929252
600834.SH,-0.06665639171839177
600835.SH,1.1395025922567419
600838.SH,0.4248172375580952
600839.SH,1.324970551398867
600841.SH,0.2320448171895777
600843.SH,0.7182490387459333
600844.SH,0.39869860987873396
600845.SH,-0.2605103032162396
600847.SH,0.6639529969873359
600846.SH,0.5795889604106189
600850.SH,0.45883720472053113
600848.SH,-0.0021046477638116956
600851.SH,0.5237094271894869
600853.SH,0.17787137105318918
600857.SH,1.2359948390194135
600854.SH,0.4280909090909091
600855.SH,0.54517405817835
600858.SH,0.4922279792746115
600860.SH,0.523866836224907
600859.SH,0.05859719854901435
600861.SH,0.3393770850393787
600864.SH,0.39699788304577566
600865.SH,0.42821680860896527
600863.SH,-0.05855559466062754
600862.SH,0.32423614211902785
600866.SH,0.45652988855116505
600868.SH,0.7001793868232226
600869.SH,0.5140773881015293
600867.SH,0.024440174402404535
600871.SH,0.12473943133494525
600872.SH,0.031778392412149636
600873.SH,0.07213377318799008
600875.SH,0.0694833021262995
600876.SH,0.31619410125530356
600874.SH,0.06727758007117435
600877.SH,0.17902317485238406
600879.SH,0.3365140788672838
600882.SH,1.1471197099292807
600883.SH,0.48906869068207226
600880.SH,0.5830970388284425
600881.SH,0.9740417657943431
600885.SH,-0.20760459154680577
600884.SH,0.32952426872388285
600886.SH,-0.1704683437361304
600887.SH,0.10260125345373683
600888.SH,0.06195723063192937
600893.SH,-0.10359343180300429
600892.SH,-0.07242795961475113
600889.SH,1.9594304577975383
600894.SH,-0.026320069184291195
600895.SH,0.5699477553580901
600897.SH,0.17022432975401292
600906.SH,0.2761156064925465
600905.SH,-0.11425494835574312
600900.SH,0.00759906607314309
600903.SH,0.13446925240140084
600901.SH,0.2336509960159363
600908.SH,0.25406373517786585
600909.SH,0.40065832784726796
600916.SH,-0.06598927228489282
600925.SH,0.07718759667785147
600918.SH,0.1699167805241586
600927.SH,0.47915295751992415
600917.SH,0.04232406078273909
600919.SH,0.5356380196984225
600926.SH,0.29913776328414876
600928.SH,0.2652047677261613
600929.SH,-0.02935246679316883
600930.SH,
600933.SH,0.16286159617954743
600935.SH,0.10258734051249263
600938.SH,-0.10598916036178407
600939.SH,0.695113257445096
600936.SH,0.8797374405904861
600941.SH,0.062206958174650384
600955.SH,0.02071457603770588
600956.SH,0.013432266186871988
600959.SH,0.3243520358547207
600958.SH,0.3316354466858791
600960.SH,0.6494639235004347
600961.SH,0.5371667181906568
600963.SH,0.421878832474859
600962.SH,0.7445861384795401
600965.SH,0.4646940338733012
600966.SH,0.05120312248511172
600968.SH,0.07385460147088052
600967.SH,1.9351619207146846
600970.SH,-0.05310809638136005
600969.SH,0.4793545441003737
600973.SH,0.5522122234720661
600971.SH,-0.3071450065391247
600975.SH,0.09581732467761883
600977.SH,0.10716967743842942
600976.SH,-0.17081852062669178
600979.SH,0.593709561466571
600980.SH,0.863967599591723
600981.SH,0.8404687173048755
600982.SH,0.3118236235405678
600983.SH,0.5880741190302667
600984.SH,0.4741881875016487
600985.SH,-0.1827666726027486
600986.SH,1.1864011131170726
600989.SH,0.022123365930705408
600988.SH,0.30263935514924034
600987.SH,0.07449466272995675
600992.SH,0.000702241493547584
600990.SH,0.7560487085637713
600996.SH,0.14323811393606212
600993.SH,0.0483983986034906
600995.SH,0.0664431939367236
600999.SH,0.2159024089894559
600997.SH,-0.001715410420778607
600998.SH,0.17654143774026965
601000.SH,-0.19889140208315892
601001.SH,-0.15188066564577218
601002.SH,0.85973485973486
601003.SH,1.1612163262416368
601005.SH,0.4217687074829932
601006.SH,-0.06991871726729904
601007.SH,0.23662884927066452
601008.SH,0.7817663817663819
601009.SH,0.18371803527723873
601011.SH,0.8363636363636362
601010.SH,0.5503185825259668
601012.SH,0.14527341964965712
601015.SH,0.3793211072366438
601016.SH,0.016612021857923542
601019.SH,-0.14157020897711203
601020.SH,0.7948933152421525
601018.SH,0.0365202082057563
601022.SH,0.19360770156438023
601021.SH,0.02299114552129633
601033.SH,0.03278314779686464
601059.SH,0.2556517728432377
601038.SH,-0.13627891500191014
601065.SH,-0.03095755953376822
601061.SH,0.23064506974302224
601058.SH,0.05941703234233442
601068.SH,0.2763349634750786
601066.SH,0.3158636431832309
601069.SH,0.7752476784555027
601083.SH,0.26220966056741757
601089.SH,0.4778640635986344
601077.SH,0.4050761825197914
601096.SH,0.1328017302847364
601086.SH,2.0785575847742814
601088.SH,-0.020056783207772377
601098.SH,0.1518061724721118
601099.SH,0.3056754221388368
601100.SH,0.6417459821418816
601108.SH,0.2458399329515708
601101.SH,-0.11368521614521132
601107.SH,0.20236977026339475
601106.SH,0.23853346094382677
601113.SH,0.38718681575824454
601111.SH,0.036397560551649666
601117.SH,0.05751905751905739
601121.SH,0.12065723210301527
601116.SH,0.4464466567914843
601118.SH,0.1610839074980861
601127.SH,0.7517783345127041
601133.SH,0.24710486889935845
601126.SH,-0.015518795417998055
601128.SH,0.034473550941485076
601136.SH,0.059897808606544145
601138.SH,0.14971358428805237
601137.SH,0.33030989993477444
601156.SH,-0.10031978506639416
601155.SH,0.6569564879400147
601139.SH,-0.04575446486167689
601162.SH,1.1644268774703561
601158.SH,-0.041987217422180145
601163.SH,-0.02307247955982128
601168.SH,0.08511740441059801
601166.SH,0.45527400258693085
601187.SH,0.4394225855901889
601169.SH,0.2948361915382628
601179.SH,-0.10878299113593226
601177.SH,1.6099425071866018
601186.SH,0.007237561268027659
601188.SH,-0.015986474144633056
601198.SH,0.40325925643041194
601212.SH,0.2652878221476902
601200.SH,0.11396880042671853
601211.SH,0.4463536842412352
601199.SH,0.09330430627090736
601208.SH,1.0806927104309305
601216.SH,0.4884824415745673
601218.SH,0.314416756951968
601226.SH,0.4109010510125609
601229.SH,0.48201791264869354
601222.SH,-0.029820466689358116
601225.SH,-0.2115166661443808
601231.SH,-0.03612015342080088
601236.SH,0.31465511590098605
601228.SH,0.08214383214383214
601233.SH,-0.20006367373942013
601279.SH,0.0900753054845127
601238.SH,-0.05610099337748342
601288.SH,0.3906720916214588
601298.SH,-0.04306543464291268
601319.SH,0.538763909046928
601326.SH,0.008875424225732509
601311.SH,0.16302887094663765
601318.SH,0.41029528100552604
601328.SH,0.0761410753834113
603937.SH,0.3595803452855244
603948.SH,0.4306736631320651
603949.SH,0.7925882179241104
603933.SH,0.3436363302722363
603938.SH,0.4580588493631973
603939.SH,0.1650029553794352
603950.SH,1.023713706204329
603936.SH,0.35117479288333553
603958.SH,1.160018472047958
603960.SH,-0.06082439148746088
603955.SH,3.825483610457873
603967.SH,0.3387733246660165
603956.SH,0.47506374594344003
603966.SH,0.5477458023999182
603959.SH,2.3524928054756167
603968.SH,0.3308702993266992
603976.SH,0.4482918355529819
603970.SH,0.07350492644610274
603980.SH,0.7501441753171856
603978.SH,1.0945552414185413
603969.SH,0.7992454272830682
603977.SH,0.3171611100869294
603979.SH,0.17488486064783237
603982.SH,0.21092713815085784
603983.SH,0.7273236899625547
603985.SH,0.4758529636578417
603989.SH,0.19427396869498614
603990.SH,0.9966586373281182
603987.SH,0.36315132085683954
603986.SH,0.3955431812866912
603991.SH,1.2201243316334969
603988.SH,1.6331519188191033
603992.SH,0.3489626594851085
603995.SH,-0.06749903832883586
605001.SH,0.5184210382618095
605003.SH,0.3231234491315136
603993.SH,0.14053299543979225
603997.SH,0.09851051149518253
603999.SH,0.4877094320552524
603998.SH,-0.06965308505652179
605005.SH,0.20298388495717057
605006.SH,0.9313024382003491
605009.SH,0.11701047868995529
605008.SH,0.2661501741205933
605007.SH,-0.019349081924669997
605011.SH,0.08358490800941232
605016.SH,0.23553854118416395
605018.SH,0.5988967691095348
605020.SH,0.40498899900517427
605028.SH,0.5157451516177394
605033.SH,0.7394536916158978
605055.SH,0.8694444444444445
605050.SH,0.9716093916584498
605056.SH,0.5582605319355466
605060.SH,0.7625785972491874
605058.SH,0.6284666543992008
605066.SH,0.548394656667448
605068.SH,0.4202552552552552
605069.SH,0.9208550992525919
605077.SH,0.18990824399666506
605081.SH,-0.03881802097690212
605080.SH,0.8340634340612514
605086.SH,0.7829236912602979
605088.SH,1.202758545985712
605089.SH,0.35553929864454914
605090.SH,-0.06052137191314344
605098.SH,0.11975069277714878
605099.SH,0.8349696319404429
605100.SH,0.7802616463085832
605111.SH,0.018063698070533762
605108.SH,0.07258618325648847
605116.SH,-0.043296296296296166
605117.SH,-0.40844369514517953
605118.SH,1.2041994672256904
605122.SH,0.8075199537424238
605123.SH,0.4993715469402574
605136.SH,0.7591719614675135
605128.SH,0.4179635761589404
605138.SH,0.5394568720559909
605133.SH,0.836339164123844
605151.SH,0.29751693912202204
605155.SH,0.4385998501623243
605158.SH,0.37041814146019547
605162.SH,0.41148072899293453
605166.SH,0.20508474576271185
605167.SH,0.44093298559004857
605168.SH,0.38619713475427586
605169.SH,0.6747822534217318
605177.SH,-0.006997059821327367
605178.SH,0.5891260326081813
605180.SH,0.32682753726046854
605179.SH,1.290080295077316
605183.SH,0.24298850574712638
605186.SH,0.10571330547961444
605188.SH,0.3402093769347667
605189.SH,0.1565641821001733
605196.SH,1.274703579607631
605198.SH,0.9837080814256278
605208.SH,1.0745360123647607
605199.SH,-0.010869874108386135
605228.SH,0.5168160095579453
605222.SH,-0.16008375479361137
605218.SH,0.4156721730209578
605255.SH,0.8991971013750919
605258.SH,0.11768020730989437
605259.SH,1.0413376750893844
605266.SH,0.03915383137028816
605268.SH,0.4315960912052119
605286.SH,0.7967387738915288
605277.SH,0.9262851187213705
605287.SH,0.3979172558446453
605288.SH,0.704957645141892
605289.SH,0.6732036131185817
605296.SH,-0.014342915455928917
605300.SH,0.19243999248610044
605303.SH,1.0790317293900769
605299.SH,0.07728752111399517
605298.SH,0.9998797180156187
605305.SH,0.31917975446118874
605318.SH,0.9309864928058207
605319.SH,0.9959217574916774
605333.SH,0.2575779282230475
605338.SH,0.5068422969451012
605339.SH,0.15696640665693495
605337.SH,0.3906037951068342
605336.SH,0.6573887090713578
605358.SH,0.03628689727052836
605365.SH,0.046829667141425446
605366.SH,0.40968151719447055
605368.SH,-0.2592382001575485
605376.SH,0.8302605278096273
605378.SH,0.46328529903302784
605377.SH,-0.2536393021709725
605369.SH,-0.30762451083815134
605389.SH,1.3054428820975674
605388.SH,0.5573640053336967
605398.SH,0.7271818232320426
605399.SH,0.383127003589842
605500.SH,0.7668719806763286
605499.SH,0.23771657592792916
605507.SH,0.29426764585883314
605488.SH,1.651256763331817
605555.SH,-0.03606821397854554
605566.SH,0.467152670376078
605567.SH,0.4547523644921865
605577.SH,-0.06900778959602472
605580.SH,0.9195790524520613
605599.SH,0.41668621246051174
605588.SH,0.21485376563474268
605589.SH,0.4976308464446273
605598.SH,0.08143748545027818
688001.SH,0.14606902374972286
688002.SH,1.5407013414576185
688003.SH,0.44556464286013275
688005.SH,0.017782298275409003
688007.SH,-0.03058299660669883
688004.SH,1.1932558277660126
688006.SH,0.14932157891788722
688008.SH,0.46862552902249943
688009.SH,-0.09584192990224238
688010.SH,1.2163816244871768
688011.SH,1.6498019593067068
688012.SH,0.2721548794378219
688013.SH,1.502868164407378
688017.SH,0.8085121394571262
688015.SH,0.19232915392114025
688016.SH,-0.004326543758075729
688018.SH,0.4639136773246766
688019.SH,0.36026745962804574
688020.SH,0.26792745658034756
688021.SH,1.0089116787573744
688022.SH,0.19362664853840927
688023.SH,0.9508573267790261
688025.SH,1.861589592751424
688026.SH,0.6186222290109435
688027.SH,0.8039394895262892
688028.SH,0.526943352764053
688030.SH,0.7558138455971273
688031.SH,0.621980197671113
688029.SH,0.18176932466160212
688032.SH,-0.22205085953504955
688033.SH,0.2980417957996435
688035.SH,0.47646679456599705
688036.SH,-0.05357715356728909
688037.SH,0.7009609292053587
688045.SH,0.2414889669368967
688041.SH,0.9378505841508804
688038.SH,0.9110663168370576
688039.SH,0.8670526171553852
688046.SH,0.4151299753220996
688047.SH,0.322176235263431
688048.SH,1.3028390651115902
688049.SH,1.389502890575622
688050.SH,-0.08174129576948697
688052.SH,0.6927931095559687
688051.SH,0.7385629522378612
688053.SH,0.534539236068974
688055.SH,0.33483606557377077
688056.SH,0.6952174502482642
688057.SH,0.33295690258932975
688058.SH,0.5254880254880256
688059.SH,0.10275084230217679
688062.SH,0.34111773858921146
688060.SH,0.3472657752948025
688061.SH,0.38543258939229785
688063.SH,0.09665551073523115
688065.SH,0.19784269426243117
688066.SH,0.44243626184015517
688067.SH,0.841428718688795
688070.SH,0.9215760429980482
688069.SH,0.7832332755534885
688068.SH,8.31736488702759
688071.SH,1.136489398408667
688072.SH,0.3026601676162597
688073.SH,0.8923891903781356
688075.SH,0.18365374091882414
688076.SH,-0.5338034063949182
688077.SH,1.2942305915209513
688078.SH,0.5943724978020459
688079.SH,0.6038813262691363
688080.SH,0.851822812323517
688081.SH,1.6394506084466713
688082.SH,0.28370824307365017
688083.SH,-0.0217761908421803
688084.SH,1.4721562218510236
688085.SH,0.21802020202020211
688087.SH,0.04231425647390896
688089.SH,0.9917538855734851
688088.SH,0.8739428237060862
688090.SH,-0.011852650309687629
688091.SH,2.3438748050878644
688092.SH,0.2227119854198374
688093.SH,1.1987645992452758
688095.SH,0.8170539104024297
688097.SH,0.4237804115444319
688096.SH,1.4594504565987458
688098.SH,0.8848185576481398
688099.SH,0.1424379582810662
688100.SH,0.029194946702225666
688101.SH,0.22320330562250978
688102.SH,0.6370973188356859
688103.SH,0.7199261246692152
688106.SH,-0.040890194529167534
688107.SH,0.2603804470553881
688105.SH,0.20287554612895997
688108.SH,0.7552830749123745
688109.SH,0.12372006202373376
688110.SH,1.6520011044790341
