ts_code,pe
000010.SZ,302.7228
000006.SZ,
000004.SZ,
000001.SZ,5.4065
000002.SZ,
000008.SZ,
000007.SZ,46.1753
000009.SZ,135.516
000011.SZ,
000017.SZ,260.6141
000014.SZ,184.2624
000020.SZ,106.2867
000012.SZ,55.0204
000019.SZ,24.6231
000016.SZ,
000021.SZ,31.0156
000028.SZ,22.1502
000026.SZ,32.6305
000029.SZ,
000032.SZ,83.4506
000027.SZ,15.9675
000031.SZ,
000025.SZ,53.8232
000030.SZ,15.6673
000035.SZ,38.5864
000034.SZ,37.4863
000036.SZ,125.0935
000037.SZ,256.6899
000045.SZ,61.7204
000039.SZ,14.8404
000042.SZ,
000048.SZ,11.9979
000050.SZ,
000049.SZ,21.5782
000056.SZ,
000055.SZ,31.2936
000059.SZ,
000058.SZ,294.6784
000060.SZ,16.9975
000061.SZ,29.5067
000063.SZ,19.18
000062.SZ,126.757
000065.SZ,11.9438
000068.SZ,270.2314
000069.SZ,
000066.SZ,
000070.SZ,
000078.SZ,
000089.SZ,33.5593
000088.SZ,17.6485
000090.SZ,10.5987
000096.SZ,65.8931
000099.SZ,59.098
000100.SZ,55.8547
000151.SZ,
000153.SZ,20.4306
000155.SZ,25.8554
000166.SZ,25.7576
000333.SZ,14.2558
000157.SZ,18.499
000301.SZ,
000156.SZ,28.5921
000158.SZ,
000159.SZ,
000338.SZ,11.6863
000401.SZ,
000403.SZ,24.0876
000400.SZ,21.2064
000402.SZ,
000404.SZ,11.4245
000407.SZ,26.8736
000408.SZ,30.7839
000409.SZ,93.3536
000410.SZ,2245.273
000411.SZ,11.212
000419.SZ,21.3081
000417.SZ,23.2442
000420.SZ,369.9904
000415.SZ,23.5356
000421.SZ,84.9316
000422.SZ,22.0025
000423.SZ,21.135
000426.SZ,22.2613
000425.SZ,17.701
000428.SZ,
000429.SZ,16.8643
000430.SZ,
000488.SZ,
000498.SZ,4.0577
000501.SZ,41.5845
000504.SZ,
000507.SZ,17.4126
000505.SZ,187.2284
000506.SZ,
000503.SZ,
000509.SZ,
000510.SZ,
000513.SZ,17.546
000514.SZ,
000516.SZ,
000517.SZ,
000518.SZ,
000519.SZ,
000520.SZ,
000521.SZ,10.7077
000523.SZ,11.8778
000524.SZ,55.8406
000525.SZ,23.0131
000526.SZ,36.6902
000528.SZ,17.6891
000530.SZ,49.6748
000529.SZ,30.1539
000531.SZ,40.3111
000533.SZ,56.9238
000532.SZ,33.8021
000536.SZ,
000534.SZ,45.6295
000537.SZ,18.011
000538.SZ,20.9968
000539.SZ,25.7548
000541.SZ,22.0978
000543.SZ,7.8434
000544.SZ,8.1399
000545.SZ,
000546.SZ,104.5624
000547.SZ,
000548.SZ,34.5795
000550.SZ,11.7762
000552.SZ,11.2385
000554.SZ,33.5923
000555.SZ,
000553.SZ,
000551.SZ,23.0347
000557.SZ,31.6064
000558.SZ,
000559.SZ,26.7151
000560.SZ,94.9744
000561.SZ,
000564.SZ,
000565.SZ,844.9685
000563.SZ,13.5265
000566.SZ,
000567.SZ,38.6043
000568.SZ,13.3451
000570.SZ,228.235
000571.SZ,
000573.SZ,
000576.SZ,263.5792
000572.SZ,
000581.SZ,11.6862
000582.SZ,16.0752
000586.SZ,
000589.SZ,11.5689
000591.SZ,14.4861
000590.SZ,
000593.SZ,124.8342
000592.SZ,
000595.SZ,
000596.SZ,13.2369
000597.SZ,20.0911
000598.SZ,10.6453
000603.SZ,28.3569
000599.SZ,
000605.SZ,161.7419
000601.SZ,75.6548
000600.SZ,25.1046
000607.SZ,
000608.SZ,
000609.SZ,
000619.SZ,
000612.SZ,17.6593
000610.SZ,
000617.SZ,22.6644
000615.SZ,
000620.SZ,
000623.SZ,14.7618
000625.SZ,17.3193
000626.SZ,
000627.SZ,
000628.SZ,261.5275
000629.SZ,88.3209
000630.SZ,18.3581
000631.SZ,85.7751
000632.SZ,
000633.SZ,217.6511
000635.SZ,
000637.SZ,
000636.SZ,47.7046
000639.SZ,
000638.SZ,119.5662
000650.SZ,16.7907
000651.SZ,8.2565
000652.SZ,57.1558
000655.SZ,24.7519
000656.SZ,
000657.SZ,39.9292
000659.SZ,
000661.SZ,16.5746
000663.SZ,
000665.SZ,
000668.SZ,
000669.SZ,
000672.SZ,14.3528
000676.SZ,51.5218
000670.SZ,
000677.SZ,107.897
000678.SZ,
000679.SZ,
000680.SZ,13.705
000681.SZ,120.7744
000685.SZ,12.0586
000682.SZ,20.5841
000683.SZ,11.888
000686.SZ,22.0477
000688.SZ,
000690.SZ,14.5565
000691.SZ,
000692.SZ,
000697.SZ,
000695.SZ,
000698.SZ,
000700.SZ,11.7405
000701.SZ,
000702.SZ,
000703.SZ,91.9368
000705.SZ,90.7241
000707.SZ,10.9475
000708.SZ,12.801
000709.SZ,35.5076
000711.SZ,
000710.SZ,
000712.SZ,
000713.SZ,63.9144
000715.SZ,33.5355
000716.SZ,63.3904
000717.SZ,
000718.SZ,39.8667
000720.SZ,
000719.SZ,13.0843
000721.SZ,
000722.SZ,85.4355
000723.SZ,
000726.SZ,14.0228
000725.SZ,28.1136
000727.SZ,117.2271
000728.SZ,16.7016
000729.SZ,35.0289
000731.SZ,14.6217
000733.SZ,27.886
002281.SZ,61.0279
002286.SZ,36.4525
002284.SZ,39.8478
002287.SZ,26.8363
002289.SZ,
002290.SZ,76.9857
002292.SZ,
002291.SZ,
002294.SZ,88.5635
002293.SZ,16.418
002295.SZ,103.118
002298.SZ,
002297.SZ,
002296.SZ,16.4467
002299.SZ,29.1336
002300.SZ,51.9649
002301.SZ,81.1761
002302.SZ,
002303.SZ,21.9146
002306.SZ,
002305.SZ,
002304.SZ,15.5286
002307.SZ,
002309.SZ,
002310.SZ,
002311.SZ,21.2586
002312.SZ,39.6369
002316.SZ,212.8384
002314.SZ,
002313.SZ,
002317.SZ,
002315.SZ,36.1682
002319.SZ,
002318.SZ,14.8702
002320.SZ,68.4605
002322.SZ,17.3802
002321.SZ,181.9121
002324.SZ,102.8443
002323.SZ,
002326.SZ,
002327.SZ,11.2848
002328.SZ,30.9862
002329.SZ,
002330.SZ,
002332.SZ,25.9269
002331.SZ,97.3791
002333.SZ,71.6952
002334.SZ,24.6623
002335.SZ,69.763
002337.SZ,90.3884
002340.SZ,32.8427
002342.SZ,
002338.SZ,180.6677
002339.SZ,132.7181
002343.SZ,128.0188
002344.SZ,64.6795
002346.SZ,101.4154
002345.SZ,76.1192
002350.SZ,101.8025
002348.SZ,
002349.SZ,30.3152
002351.SZ,26.2041
002347.SZ,252.8622
002352.SZ,23.6846
002353.SZ,17.6824
002356.SZ,
002354.SZ,
002355.SZ,22.6175
002357.SZ,26.1089
002358.SZ,55.6594
002360.SZ,
002361.SZ,207.4426
002362.SZ,
002363.SZ,73.4655
002364.SZ,85.5399
002366.SZ,
002367.SZ,16.5945
002368.SZ,82.3216
002365.SZ,93.9877
002369.SZ,
002370.SZ,148.5247
002371.SZ,42.246
002373.SZ,
002372.SZ,17.9814
002374.SZ,
002376.SZ,133.2671
002375.SZ,17.6171
002377.SZ,
002378.SZ,65.5781
002380.SZ,24.5966
002379.SZ,
002381.SZ,19.2149
002382.SZ,
002383.SZ,
002384.SZ,88.2363
002385.SZ,52.2318
002386.SZ,
002388.SZ,
002389.SZ,300.6178
002387.SZ,
002390.SZ,71.3258
002391.SZ,
002392.SZ,25.2604
002393.SZ,33.4755
002397.SZ,110.0099
002394.SZ,16.1248
002396.SZ,41.4595
002398.SZ,76.9408
002395.SZ,10.4268
002399.SZ,29.5618
002400.SZ,133.6907
002401.SZ,56.4447
002402.SZ,67.96
002404.SZ,23.2064
002403.SZ,357.118
002405.SZ,
002406.SZ,51.9557
002407.SZ,
002408.SZ,451.3771
002409.SZ,30.0218
002413.SZ,
002412.SZ,15.6504
002410.SZ,87.9324
002415.SZ,22.1785
002414.SZ,
002416.SZ,25.7879
002418.SZ,
002419.SZ,88.9768
002422.SZ,19.9274
002420.SZ,29.6352
002421.SZ,276.1219
002423.SZ,23.2715
002424.SZ,254.8122
002425.SZ,
002426.SZ,
002427.SZ,
002428.SZ,281.3202
002432.SZ,11.2692
002431.SZ,
002429.SZ,12.7122
002430.SZ,24.1309
002434.SZ,46.217
002437.SZ,34.2523
002436.SZ,
002438.SZ,25.4731
002440.SZ,40.0662
002439.SZ,
002442.SZ,23.059
002441.SZ,30.4919
002443.SZ,17.3953
002445.SZ,100.9884
002444.SZ,16.9193
002446.SZ,
002448.SZ,26.6059
002452.SZ,18.2824
002451.SZ,178.906
002449.SZ,111.0209
002453.SZ,
002454.SZ,38.7825
002456.SZ,660.7512
002458.SZ,20.2694
002455.SZ,37.894
002459.SZ,
002457.SZ,15.1469
002460.SZ,
002461.SZ,28.7363
002462.SZ,27.2701
002465.SZ,655.3043
002466.SZ,
002468.SZ,25.5391
002467.SZ,122.6142
002463.SZ,37.98
002469.SZ,21.4189
002470.SZ,95.2466
002471.SZ,
002474.SZ,
002478.SZ,7.9271
002472.SZ,29.0185
002476.SZ,53.176
002475.SZ,19.7718
002479.SZ,19.2634
002480.SZ,
002481.SZ,70.2806
002485.SZ,
002483.SZ,12.9963
002484.SZ,34.636
002482.SZ,
002486.SZ,122.4675
002487.SZ,43.0258
002488.SZ,565.0901
002489.SZ,17.2754
002491.SZ,79.055
002490.SZ,
002492.SZ,45.1604
002493.SZ,126.0254
002495.SZ,104.1845
002494.SZ,90.6794
002496.SZ,
002497.SZ,63.9229
002498.SZ,17.9764
002500.SZ,31.2666
002501.SZ,
002507.SZ,19.0985
002506.SZ,219.299
002508.SZ,11.6275
002510.SZ,70.1251
002511.SZ,134.1686
002512.SZ,193.197
002513.SZ,
002514.SZ,
002516.SZ,48.6716
002517.SZ,25.6483
002515.SZ,143.1171
002518.SZ,35.8311
002519.SZ,
002520.SZ,
002521.SZ,44.7762
002522.SZ,62.7739
002523.SZ,107.1463
002524.SZ,
002526.SZ,62.546
002527.SZ,
002528.SZ,
002529.SZ,
002530.SZ,
002531.SZ,58.5379
002532.SZ,10.1069
002534.SZ,23.5517
002533.SZ,14.6097
002535.SZ,34.6423
002536.SZ,37.1422
002537.SZ,222.2873
002538.SZ,14.8554
002539.SZ,16.0936
002542.SZ,
002540.SZ,16.5598
002541.SZ,15.8326
002543.SZ,15.672
002544.SZ,1458.7258
002545.SZ,21.8712
002546.SZ,18.9218
002548.SZ,109.721
002547.SZ,
002550.SZ,36.6292
002549.SZ,
002551.SZ,176.066
002552.SZ,25.3664
002553.SZ,377.4917
002554.SZ,
300246.SZ,
300245.SZ,
300247.SZ,82.0273
300248.SZ,64.1415
300251.SZ,207.4511
300249.SZ,
300250.SZ,
300252.SZ,646.5861
300253.SZ,263.5931
300254.SZ,71.3936
300255.SZ,
300256.SZ,
300257.SZ,43.2905
300259.SZ,23.0161
300258.SZ,51.9506
300260.SZ,62.5737
300261.SZ,
300264.SZ,
300263.SZ,59.9801
300265.SZ,97.6787
300268.SZ,
300267.SZ,
300266.SZ,
300269.SZ,448.6269
300271.SZ,
300270.SZ,
300272.SZ,49.3817
300275.SZ,77.4853
300276.SZ,512.1797
300274.SZ,15.3289
300277.SZ,456.6568
300278.SZ,104.747
300280.SZ,
300279.SZ,73.7244
300284.SZ,53.9735
300285.SZ,31.6351
300281.SZ,465.2073
300283.SZ,
300286.SZ,33.4025
300287.SZ,
300289.SZ,
300288.SZ,
300290.SZ,
300291.SZ,
300293.SZ,
300294.SZ,34.2693
300292.SZ,70.9409
300295.SZ,
300296.SZ,
300300.SZ,603.4485
300298.SZ,35.8525
300301.SZ,
300299.SZ,
300302.SZ,
300303.SZ,26.5517
300304.SZ,24.2591
300305.SZ,
300310.SZ,
300306.SZ,40.6538
300307.SZ,22.4141
300308.SZ,44.9691
300313.SZ,
300311.SZ,
300314.SZ,69.7075
300315.SZ,146.9895
300317.SZ,
300320.SZ,37.0999
300319.SZ,31.4301
300318.SZ,570.7538
300316.SZ,14.6621
300321.SZ,335.2166
300322.SZ,
300323.SZ,
300324.SZ,
300326.SZ,
300328.SZ,8184.8987
300327.SZ,65.9478
300329.SZ,
300331.SZ,
300332.SZ,37.1524
300333.SZ,
300334.SZ,204.5229
300335.SZ,60.8347
300340.SZ,
300339.SZ,258.5295
300338.SZ,
300337.SZ,155.2939
300341.SZ,54.2527
300344.SZ,
300343.SZ,246.4348
300345.SZ,
300342.SZ,90.2656
300347.SZ,138.6505
300348.SZ,720.1935
300349.SZ,14.5215
300346.SZ,81.6705
300352.SZ,
300351.SZ,52.787
300350.SZ,221.3101
300353.SZ,352.5409
300354.SZ,46.4722
300357.SZ,42.9974
300358.SZ,
300355.SZ,190.885
300359.SZ,
300360.SZ,12.3313
300364.SZ,
300365.SZ,
300363.SZ,
300366.SZ,
300368.SZ,
300369.SZ,
300370.SZ,
300371.SZ,46.5355
300374.SZ,
300375.SZ,50.1962
300373.SZ,31.2907
300376.SZ,51.5565
300377.SZ,
300378.SZ,96.7738
300381.SZ,123.5083
300379.SZ,
300380.SZ,421.7015
300382.SZ,
300383.SZ,66.7303
300384.SZ,19.7336
300385.SZ,
300386.SZ,
300387.SZ,29.4029
300388.SZ,14.6176
300389.SZ,37.9857
300390.SZ,20.1698
300391.SZ,
300393.SZ,
300394.SZ,58.2112
300395.SZ,126.1731
300396.SZ,29.7252
300397.SZ,
300398.SZ,47.3746
300399.SZ,3856.8942
300400.SZ,65.6652
300401.SZ,27.5765
300402.SZ,69.4926
300403.SZ,40.2329
300405.SZ,
300404.SZ,145.3679
300407.SZ,38.6684
300406.SZ,16.4565
300408.SZ,30.019
300409.SZ,91.1626
300410.SZ,
300411.SZ,454.1468
300413.SZ,29.7813
300412.SZ,79.192
300414.SZ,611.7657
300415.SZ,16.6877
300416.SZ,36.8646
300417.SZ,128.124
300418.SZ,
300419.SZ,
300421.SZ,90.3382
300420.SZ,
300422.SZ,
300423.SZ,
300426.SZ,
300424.SZ,
300425.SZ,42.9283
300427.SZ,
300428.SZ,16.8485
300432.SZ,55.5011
300430.SZ,60.3795
300429.SZ,
300434.SZ,45.9702
300435.SZ,
300436.SZ,
300433.SZ,33.3636
300437.SZ,
300438.SZ,
300439.SZ,17.5478
300440.SZ,124.6975
300441.SZ,6.4343
300442.SZ,44.2011
300443.SZ,42.623
300444.SZ,72.2156
300445.SZ,32.1979
300446.SZ,20.0217
300447.SZ,304.0977
300449.SZ,
300448.SZ,
300450.SZ,141.2335
300452.SZ,27.759
300451.SZ,
300454.SZ,221.5387
300453.SZ,20.7899
300455.SZ,199.1377
300456.SZ,
300457.SZ,26.8884
300458.SZ,195.8491
300459.SZ,
300460.SZ,
300461.SZ,
300462.SZ,
300463.SZ,60.8097
300464.SZ,
300465.SZ,214.9613
300466.SZ,
300467.SZ,225.8111
300468.SZ,300.6011
300469.SZ,
300471.SZ,
300470.SZ,20.6025
300473.SZ,142.4647
300472.SZ,
300474.SZ,
300475.SZ,61.0293
300476.SZ,143.7551
300477.SZ,
300478.SZ,
300479.SZ,267.6232
300480.SZ,
300481.SZ,23.7078
300482.SZ,20.8127
300483.SZ,
300484.SZ,161.5564
300485.SZ,
300486.SZ,
300488.SZ,47.8449
300487.SZ,32.7528
300489.SZ,470.9617
300490.SZ,
300491.SZ,151.158
300492.SZ,220.4642
300493.SZ,283.9827
300494.SZ,
300497.SZ,
300496.SZ,65.3342
300498.SZ,12.7594
300499.SZ,
300500.SZ,
300501.SZ,42.6048
300502.SZ,63.8288
300503.SZ,90.2338
300505.SZ,33.442
300506.SZ,
300508.SZ,35.242
300507.SZ,47.0928
300509.SZ,62.1591
300504.SZ,
300511.SZ,
300510.SZ,
600081.SH,79.3706
600079.SH,26.4275
600080.SH,38.9723
600082.SH,261.6069
600085.SH,32.6991
600088.SH,151.2042
600084.SH,536.6077
600089.SH,16.5707
600096.SH,8.4843
600094.SH,
600097.SH,44.2964
600098.SH,13.4235
600095.SH,282.5986
600099.SH,141.6178
600100.SH,177.9792
600101.SH,27.1162
600103.SH,61.415
600104.SH,120.7282
600106.SH,54.6969
600107.SH,
600105.SH,211.3917
600108.SH,61.3999
600109.SH,20.6492
600110.SH,
600111.SH,139.2712
600113.SH,102.6132
600115.SH,
600114.SH,41.687
600116.SH,41.8596
600117.SH,
600118.SH,1273.8215
600119.SH,
600120.SH,22.1774
600121.SH,17.8885
600127.SH,2012.7983
600126.SH,
600123.SH,14.1026
600128.SH,79.6885
600125.SH,19.9973
600129.SH,497.2849
600130.SH,509.1896
600135.SH,
600131.SH,30.9919
600133.SH,18.5747
600137.SH,83.3332
600136.SH,
600132.SH,23.9599
600138.SH,44.5267
600141.SH,17.0444
600143.SH,43.5159
600149.SH,25.2019
600148.SH,
600150.SH,48.2494
600152.SH,
600151.SH,
600153.SH,10.0595
600155.SH,263.7963
600156.SH,
600158.SH,130.8108
600157.SH,20.2722
600159.SH,
600160.SH,39.2107
600161.SH,26.0771
600162.SH,88.3263
600163.SH,15.8694
600165.SH,
600167.SH,21.2887
600166.SH,263.4455
600168.SH,55.0615
600169.SH,41.883
600170.SH,10.0022
600171.SH,61.6559
600172.SH,
600177.SH,12.3962
600173.SH,110.4
600178.SH,1207.3863
600179.SH,22.5289
600176.SH,20.14
600180.SH,74.8988
600182.SH,31.0559
600183.SH,55.6364
600184.SH,
600186.SH,54.6393
600187.SH,112.5743
600185.SH,
600188.SH,9.3451
600189.SH,847.8168
600191.SH,154.5599
600192.SH,
600193.SH,
600197.SH,24.7187
600195.SH,109.1961
600196.SH,25.4231
600198.SH,427.1651
600199.SH,
600200.SH,11.3969
600201.SH,87.3198
600202.SH,313.2168
600203.SH,
600206.SH,109.9966
600207.SH,
600208.SH,34.5136
600210.SH,11.8516
600211.SH,12.8647
600212.SH,504.1178
600217.SH,326.7743
600215.SH,54.6845
600218.SH,48.1324
600216.SH,12.8852
600219.SH,9.9066
600221.SH,
600222.SH,75.079
600223.SH,35.1901
600227.SH,
600226.SH,44.7444
600228.SH,
600229.SH,54.7378
600230.SH,196.5448
600231.SH,
600232.SH,116.163
600233.SH,14.4487
600234.SH,60.0863
600235.SH,32.5435
600237.SH,50.4645
600236.SH,22.2998
600239.SH,
600238.SH,
600241.SH,130.2751
600243.SH,
600246.SH,
600249.SH,39.8773
600248.SH,4.9783
600250.SH,77.5803
600252.SH,
600255.SH,115.8629
600251.SH,31.179
600256.SH,11.9163
600257.SH,
600258.SH,19.3737
600259.SH,
600261.SH,22.5556
600265.SH,
600266.SH,
600262.SH,22.3298
600267.SH,22.2348
600268.SH,30.2718
600269.SH,9.4571
600271.SH,1090.4922
600272.SH,104.8384
600273.SH,12.1582
600276.SH,63.884
600278.SH,31.9621
600279.SH,12.6317
600280.SH,
600281.SH,
600282.SH,12.4896
600284.SH,11.6261
600285.SH,18.1307
600283.SH,26.0294
600287.SH,51.7618
600289.SH,
600288.SH,
600292.SH,263.1502
600293.SH,286.2581
600295.SH,15.684
600298.SH,23.1885
600299.SH,22.4916
600300.SH,13.4912
600302.SH,
600301.SH,21.9563
600303.SH,
600305.SH,68.556
600307.SH,
600308.SH,151.0078
600309.SH,14.6038
600313.SH,149.7951
600310.SH,96.5692
600312.SH,21.2589
600316.SH,808.7529
600315.SH,
600318.SH,159.265
600319.SH,
600320.SH,46.2133
600322.SH,
600323.SH,13.2159
600325.SH,13.8865
600326.SH,
600327.SH,100.5662
600329.SH,13.7968
600328.SH,22.4698
600332.SH,15.2975
600331.SH,780.55
600330.SH,110.2435
600333.SH,
600335.SH,24.6211
600336.SH,
600337.SH,
600338.SH,46.5849
600345.SH,55.1363
600339.SH,30.9269
600340.SH,
600343.SH,
600346.SH,15.2503
600348.SH,12.0804
600350.SH,14.7633
600351.SH,22.0942
600352.SH,16.9534
600353.SH,118.2484
600354.SH,73.123
600355.SH,
600356.SH,23.652
600358.SH,
600359.SH,87.8528
600360.SH,65.6316
600362.SH,11.8521
600361.SH,16.5458
600363.SH,104.621
600365.SH,
600366.SH,167.4924
600367.SH,58.6287
600368.SH,9.982
600370.SH,
600369.SH,43.4207
600372.SH,58.8167
600371.SH,53.3696
600373.SH,18.3709
600375.SH,70.4511
600376.SH,
600377.SH,14.5123
600378.SH,31.9379
600379.SH,48.1639
600380.SH,16.176
600381.SH,
600382.SH,702.2912
600386.SH,181.8291
600383.SH,
600392.SH,197.7039
600389.SH,42.2399
600395.SH,106.7548
600391.SH,153.134
600388.SH,18.5061
600390.SH,53.2108
600396.SH,60.3161
600397.SH,
600405.SH,
600398.SH,15.3521
600399.SH,99.4144
600400.SH,
600403.SH,
600783.SH,57.9185
600782.SH,420.3819
600785.SH,21.3556
600784.SH,15.1762
600790.SH,39.6542
600787.SH,32.5435
600789.SH,23.2971
600791.SH,
600792.SH,
600793.SH,
600794.SH,26.3173
600795.SH,8.4361
600797.SH,
600796.SH,32.9836
600798.SH,218.6789
600800.SH,
600801.SH,14.0075
600802.SH,
600803.SH,13.0482
600805.SH,177.9622
600807.SH,
600808.SH,
600810.SH,293.3633
600809.SH,17.8497
600812.SH,89.5746
600814.SH,22.9349
600815.SH,757.5269
600818.SH,
600816.SH,544.4132
600817.SH,29.4509
600819.SH,50.4601
600820.SH,7.4258
600821.SH,13.9335
600822.SH,118.0622
600824.SH,127.1002
600825.SH,185.1749
600826.SH,26.2006
600827.SH,11.4169
600828.SH,194.4286
600829.SH,22.7853
600830.SH,92.7924
600831.SH,
600833.SH,18.2917
600834.SH,82.176
600835.SH,28.6418
600838.SH,82.6914
600839.SH,64.5007
600841.SH,
600843.SH,
600844.SH,
600845.SH,31.1104
600847.SH,
600846.SH,15.8465
600850.SH,31.5046
600848.SH,21.1171
600851.SH,55.7383
600853.SH,9.6993
600857.SH,
600854.SH,21.5832
600855.SH,
600858.SH,43.8181
600860.SH,950.4244
600859.SH,58.2937
600861.SH,15.2007
600864.SH,41.6717
600865.SH,25.62
600863.SH,11.5087
600862.SH,31.8085
600866.SH,13.9872
600868.SH,
600869.SH,
600867.SH,
600871.SH,61.2286
600872.SH,16.3986
600873.SH,11.5031
600875.SH,23.5414
600876.SH,
600874.SH,11.6146
600877.SH,218.8587
600879.SH,68.1509
600882.SH,122.5821
600883.SH,28.0091
600880.SH,299.2438
600881.SH,
600885.SH,22.0705
600884.SH,
600886.SH,18.2429
600887.SH,20.4289
600888.SH,8.8662
600893.SH,128.2151
600892.SH,
600889.SH,
600894.SH,10.6924
600895.SH,54.5434
600897.SH,14.3809
600906.SH,35.7803
600905.SH,20.2078
600900.SH,20.9774
600903.SH,129.501
600901.SH,11.7314
600908.SH,5.9834
600909.SH,19.2738
600916.SH,16.8946
600925.SH,24.8151
600918.SH,50.8545
600927.SH,38.6476
600917.SH,23.7395
600919.SH,6.7139
600926.SH,6.9961
600928.SH,6.7747
600929.SH,28.5124
600930.SH,30.1083
600933.SH,19.0941
600935.SH,
600938.SH,9.0314
600939.SH,
600936.SH,
600941.SH,17.18
600955.SH,138.6942
600956.SH,20.4454
600959.SH,49.4031
600958.SH,29.0643
600960.SH,
600961.SH,16.4777
600963.SH,50.5983
600962.SH,179.4453
600965.SH,83.1389
600966.SH,38.7016
600968.SH,11.3994
600967.SH,79.3818
600970.SH,8.124
600969.SH,
600973.SH,
600971.SH,7.8697
600975.SH,210.1063
600977.SH,183.3014
600976.SH,17.5559
600979.SH,26.6534
600980.SH,40.0108
600981.SH,230.7268
600982.SH,18.5902
600983.SH,43.2232
600984.SH,
600985.SH,7.1278
600986.SH,81.7366
600989.SH,17.9236
600988.SH,27.8975
600987.SH,10.4676
600992.SH,
600990.SH,
600996.SH,
600993.SH,22.7732
600995.SH,29.0525
600999.SH,15.1056
600997.SH,12.2823
600998.SH,10.7591
601000.SH,12.1886
601001.SH,8.4518
601002.SH,40.263
601003.SH,
601005.SH,
601006.SH,14.5988
601007.SH,89.4708
601008.SH,39.1777
601009.SH,7.4451
601011.SH,
601010.SH,30.2021
601012.SH,
601015.SH,
601016.SH,14.7957
601019.SH,15.0846
601020.SH,67.9414
601018.SH,14.5783
601022.SH,22.4983
601021.SH,22.6533
601033.SH,16.7919
601059.SH,41.8654
601038.SH,16.3546
601065.SH,11.9081
601061.SH,18.0172
601058.SH,10.6186
601068.SH,69.4352
601066.SH,27.5229
601069.SH,64.309
601083.SH,15.4436
601089.SH,29.0844
601077.SH,6.7869
601096.SH,51.9632
601086.SH,121.6998
601088.SH,12.7194
601098.SH,17.0135
601099.SH,123.5941
601100.SH,41.7579
601108.SH,16.215
601101.SH,10.6273
601107.SH,11.7173
601106.SH,
601113.SH,9.2632
601111.SH,
601117.SH,8.9113
601121.SH,39.2194
601116.SH,41.3854
601118.SH,203.6462
601127.SH,34.8048
601133.SH,32.5379
601126.SH,20.18
601128.SH,6.7839
601136.SH,55.228
601138.SH,31.2992
601137.SH,11.2654
601156.SH,8.5357
601155.SH,47.9669
601139.SH,13.07
601162.SH,
601158.SH,28.9193
601163.SH,10.1935
601168.SH,14.2986
601166.SH,6.321
601187.SH,7.1403
601169.SH,5.3449
601179.SH,31.9957
601177.SH,33.0015
601186.SH,5.0186
601188.SH,30.4798
601198.SH,23.9661
601212.SH,307.0363
601200.SH,19.3255
601211.SH,27.0725
601199.SH,13.3301
601208.SH,81.2381
601216.SH,16.0406
601218.SH,137.1511
601226.SH,66.9002
601229.SH,6.3084
601222.SH,15.8983
601225.SH,9.5347
601231.SH,21.3715
601236.SH,55.1308
601228.SH,26.3628
601233.SH,24.69
601279.SH,132.8528
601238.SH,93.2317
601288.SH,8.3252
601298.SH,11.1225
601319.SH,8.5211
601326.SH,11.8896
601311.SH,17.7508
601318.SH,8.42
601328.SH,7.3175
603937.SH,
603948.SH,16.5165
603949.SH,67.5249
603933.SH,94.2493
603938.SH,89.3885
603939.SH,18.9805
603950.SH,33.4026
603936.SH,
603958.SH,
603960.SH,93.9976
603955.SH,170.0311
603967.SH,16.1056
603956.SH,
603966.SH,26.7228
603959.SH,
603968.SH,
603976.SH,62.8106
603970.SH,18.7943
603980.SH,23.9234
603978.SH,
603969.SH,30.3959
603977.SH,44.8886
603979.SH,19.3613
603982.SH,
603983.SH,47.8084
603985.SH,
603989.SH,32.9882
603990.SH,
603987.SH,18.723
603986.SH,70.1044
603991.SH,
603988.SH,
603992.SH,29.4405
603995.SH,8.2183
605001.SH,57.3271
605003.SH,31.6866
603993.SH,15.4307
603997.SH,
603999.SH,64.4862
603998.SH,18.8559
605005.SH,28.5558
605006.SH,
605009.SH,22.7493
605008.SH,97.6935
605007.SH,16.3034
605011.SH,42.4694
605016.SH,34.7846
605018.SH,53.5575
605020.SH,48.652
605028.SH,19.5662
605033.SH,78.422
605055.SH,81.0646
605050.SH,28.0254
605056.SH,27.6302
605060.SH,31.5062
605058.SH,29.4941
605066.SH,32.6835
605068.SH,
605069.SH,
605077.SH,20.148
605081.SH,
605080.SH,20.2876
605086.SH,39.842
605088.SH,28.2692
605089.SH,41.4811
605090.SH,11.667
605098.SH,16.1534
605099.SH,24.126
605100.SH,46.9062
605111.SH,31.4718
605108.SH,50.3196
605116.SH,26.7674
605117.SH,16.0398
605118.SH,78.6327
605122.SH,
605123.SH,33.93
605136.SH,
605128.SH,59.0676
605138.SH,92.2973
605133.SH,55.3846
605151.SH,77.7943
605155.SH,21.1393
605158.SH,20.7772
605162.SH,24.1616
605166.SH,12.9117
605167.SH,20.4094
605168.SH,56.6773
605169.SH,27.6145
605177.SH,
605178.SH,
605180.SH,56.5237
605179.SH,276.5342
605183.SH,15.7184
605186.SH,93.7594
605188.SH,2063.4733
605189.SH,26.2105
605196.SH,35.1098
605198.SH,63.3705
605208.SH,114.2619
605199.SH,
605228.SH,
605222.SH,48.512
605218.SH,86.2601
605255.SH,103.076
605258.SH,39.6341
605259.SH,25.7122
605266.SH,26.4635
605268.SH,31.6306
605286.SH,26.2137
605277.SH,53.7074
605287.SH,
605288.SH,43.8495
605289.SH,
605296.SH,25.3473
605300.SH,75.2484
605303.SH,
605299.SH,42.4933
605298.SH,86.4909
605305.SH,26.2
605318.SH,
605319.SH,22.6923
605333.SH,22.2967
605338.SH,17.7817
605339.SH,38.4485
605337.SH,22.3285
605336.SH,49.0616
605358.SH,
605365.SH,17.8278
605366.SH,
605368.SH,14.367
605376.SH,125.6026
605378.SH,42.9889
605377.SH,10.9468
605369.SH,26.9269
605389.SH,68.9153
605388.SH,
605398.SH,253.4975
605399.SH,102.5956
605500.SH,21.1485
605499.SH,46.563
605507.SH,16.5017
605488.SH,65.4081
605555.SH,20.1604
605566.SH,143.6446
605567.SH,277.2743
605577.SH,29.468
605580.SH,36.4874
605599.SH,17.1131
605588.SH,
605589.SH,30.1362
605598.SH,77.5128
688001.SH,
688002.SH,55.4103
688003.SH,80.2138
688005.SH,54.007
688007.SH,267.0002
688004.SH,
688006.SH,37.5519
688008.SH,74.1058
688009.SH,16.5147
688010.SH,605.445
688011.SH,
688012.SH,75.9315
688013.SH,57.8311
688017.SH,438.0223
688015.SH,50.4595
688016.SH,27.2473
688018.SH,69.6685
688019.SH,46.097
688020.SH,
688021.SH,
688022.SH,
688023.SH,
688025.SH,75.8262
688026.SH,39.3735
688027.SH,
688028.SH,37.6103
688030.SH,
688031.SH,
688029.SH,28.6919
688032.SH,38.7881
688033.SH,
688035.SH,61.3756
688036.SH,17.8586
688037.SH,112.046
688045.SH,
688041.SH,163.848
688038.SH,
688039.SH,
688046.SH,61.1156
688047.SH,
688048.SH,
688049.SH,79.5612
688050.SH,38.4861
688052.SH,
688051.SH,
688053.SH,
688055.SH,
688056.SH,68.0761
688057.SH,27.834
688058.SH,
688059.SH,53.3998
688062.SH,
688060.SH,
688061.SH,
688063.SH,257.1935
688065.SH,72.0608
688066.SH,
688067.SH,86.2757
688070.SH,
688069.SH,
688068.SH,
688071.SH,
688072.SH,66.9288
688073.SH,43.9608
688075.SH,27.7831
688076.SH,36.3265
688077.SH,117.5912
688078.SH,75.3228
688079.SH,
688080.SH,26.9963
688081.SH,
688082.SH,43.8464
688083.SH,174.3189
688084.SH,
688085.SH,574.5434
688087.SH,18.1414
688089.SH,37.8047
688088.SH,109.4169
688090.SH,396.6323
688091.SH,2140.4443
688092.SH,31.1211
688093.SH,34.6533
688095.SH,264.0589
688097.SH,33.7234
688096.SH,
688098.SH,
688099.SH,36.212
688100.SH,26.8346
688101.SH,15.8194
688102.SH,105.9609
688103.SH,189.984
688106.SH,42.9941
688107.SH,
688105.SH,
688108.SH,5677.6996
688109.SH,105.9435
688110.SH,
