ts_code,pe_ttm
000010.SZ,146.3291
000006.SZ,
000004.SZ,
000001.SZ,5.51
000002.SZ,
000008.SZ,
000007.SZ,45.2675
000009.SZ,86.5046
000011.SZ,
000017.SZ,224.7374
000014.SZ,
000020.SZ,104.7518
000012.SZ,
000019.SZ,22.7085
000016.SZ,
000021.SZ,29.2211
000028.SZ,24.4642
000026.SZ,37.8115
000029.SZ,
000032.SZ,98.7593
000027.SZ,14.2193
000031.SZ,
000025.SZ,54.2278
000030.SZ,15.6573
000035.SZ,58.7318
000034.SZ,38.3864
000036.SZ,196.3196
000037.SZ,145.4116
000045.SZ,61.6604
000039.SZ,12.8509
000042.SZ,
000048.SZ,11.0976
000050.SZ,
000049.SZ,21.3301
000056.SZ,
000055.SZ,35.8603
000059.SZ,
000058.SZ,311.1164
000060.SZ,16.4843
000061.SZ,30.1415
000063.SZ,19.8584
000062.SZ,103.3754
000065.SZ,13.0237
000068.SZ,183.1766
000069.SZ,
000066.SZ,
000070.SZ,
000078.SZ,
000089.SZ,29.0775
000088.SZ,16.9497
000090.SZ,11.6712
000096.SZ,61.0883
000099.SZ,57.6402
000100.SZ,37.387
000151.SZ,
000153.SZ,21.6402
000155.SZ,34.2956
000166.SZ,23.1389
000333.SZ,13.0931
000157.SZ,16.221
000301.SZ,
000156.SZ,28.0025
000158.SZ,
000159.SZ,
000338.SZ,11.5738
000401.SZ,
000403.SZ,25.1986
000400.SZ,21.7832
000402.SZ,
000404.SZ,10.7011
000407.SZ,25.2591
000408.SZ,25.7596
000409.SZ,112.3279
000410.SZ,998.3746
000411.SZ,11.3436
000419.SZ,26.5736
000417.SZ,27.5772
000420.SZ,683.6137
000415.SZ,17.9588
000421.SZ,52.9009
000422.SZ,26.1172
000423.SZ,20.2062
000426.SZ,20.334
000425.SZ,16.5335
000428.SZ,
000429.SZ,14.6446
000430.SZ,
000488.SZ,
000498.SZ,4.0491
000501.SZ,40.8372
000504.SZ,
000507.SZ,16.2396
000505.SZ,301.3079
000506.SZ,
000503.SZ,
000509.SZ,
000510.SZ,
000513.SZ,17.3035
000514.SZ,51.1791
000516.SZ,
000517.SZ,
000518.SZ,
000519.SZ,
000520.SZ,
000521.SZ,10.3219
000523.SZ,12.1144
000524.SZ,54.9367
000525.SZ,22.4811
000526.SZ,32.4325
000528.SZ,15.7932
000530.SZ,49.2953
000529.SZ,30.0965
000531.SZ,28.8673
000533.SZ,53.788
000532.SZ,62.3508
000536.SZ,
000534.SZ,44.0479
000537.SZ,16.5782
000538.SZ,20.0161
000539.SZ,54.5718
000541.SZ,23.0784
000543.SZ,7.8776
000544.SZ,8.6316
000545.SZ,
000546.SZ,126.5555
000547.SZ,
000548.SZ,43.0959
000550.SZ,13.1707
000552.SZ,18.7232
000554.SZ,24.9457
000555.SZ,
000553.SZ,
000551.SZ,21.5741
000557.SZ,34.0054
000558.SZ,
000559.SZ,26.3079
000560.SZ,128.3929
000561.SZ,
000564.SZ,
000565.SZ,
000563.SZ,13.1458
000566.SZ,
000567.SZ,65.7323
000568.SZ,13.3265
000570.SZ,141.4803
000571.SZ,
000573.SZ,31.6943
000576.SZ,386.6541
000572.SZ,
000581.SZ,13.2396
000582.SZ,19.1379
000586.SZ,
000589.SZ,15.0168
000591.SZ,15.2555
000590.SZ,
000593.SZ,285.3353
000592.SZ,
000595.SZ,
000596.SZ,12.6324
000597.SZ,21.1931
000598.SZ,10.3794
000603.SZ,27.1684
000599.SZ,
000605.SZ,159.5233
000601.SZ,965.7874
000600.SZ,18.4328
000607.SZ,
000608.SZ,
000609.SZ,
000619.SZ,
000612.SZ,17.0625
000610.SZ,
000617.SZ,25.1465
000615.SZ,
000620.SZ,
000623.SZ,11.8995
000625.SZ,16.8708
000626.SZ,
000627.SZ,
000628.SZ,541.1308
000629.SZ,211.5826
000630.SZ,18.1502
000631.SZ,84.0556
000632.SZ,
000633.SZ,210.9637
000635.SZ,
000637.SZ,
000636.SZ,48.9139
000639.SZ,
000638.SZ,109.6578
000650.SZ,17.2558
000651.SZ,7.9527
000652.SZ,57.1342
000655.SZ,21.8551
000656.SZ,
000657.SZ,34.2081
000659.SZ,
000661.SZ,19.4867
000663.SZ,
000665.SZ,
000668.SZ,
000669.SZ,
000672.SZ,12.9991
000676.SZ,54.2737
000670.SZ,
000677.SZ,101.885
000678.SZ,
000679.SZ,
000680.SZ,12.9402
000681.SZ,118.8337
000685.SZ,10.9881
000682.SZ,20.0136
000683.SZ,16.0104
000686.SZ,18.2601
000688.SZ,32.0335
000690.SZ,12.9027
000691.SZ,
000692.SZ,
000697.SZ,
000695.SZ,
000698.SZ,
000700.SZ,11.6667
000701.SZ,
000702.SZ,
000703.SZ,
000705.SZ,61.34
000707.SZ,29.1847
000708.SZ,12.7414
000709.SZ,32.1788
000711.SZ,
000710.SZ,
000712.SZ,
000713.SZ,61.163
000715.SZ,31.9478
000716.SZ,64.172
000717.SZ,
000718.SZ,54.2897
000720.SZ,
000719.SZ,12.173
000721.SZ,
000722.SZ,125.1449
000723.SZ,
000726.SZ,11.7311
000725.SZ,25.1377
000727.SZ,
000728.SZ,14.1512
000729.SZ,33.0655
000731.SZ,21.6191
000733.SZ,29.1927
002281.SZ,54.9794
002286.SZ,29.289
002284.SZ,33.5996
002287.SZ,25.4228
002289.SZ,
002290.SZ,56.4026
002292.SZ,
002291.SZ,
002294.SZ,88.5541
002293.SZ,15.571
002295.SZ,101.3458
002298.SZ,
002297.SZ,
002296.SZ,15.2288
002299.SZ,22.5977
002300.SZ,56.3229
002301.SZ,81.91
002302.SZ,
002303.SZ,21.0981
002306.SZ,
002305.SZ,
002304.SZ,24.353
002307.SZ,
002309.SZ,
002310.SZ,
002311.SZ,19.083
002312.SZ,39.6553
002316.SZ,180.044
002314.SZ,
002313.SZ,
002317.SZ,
002315.SZ,33.5475
002319.SZ,
002318.SZ,14.2855
002320.SZ,85.4411
002322.SZ,17.9265
002321.SZ,304.62
002324.SZ,84.5398
002323.SZ,
002326.SZ,
002327.SZ,12.8549
002328.SZ,32.7343
002329.SZ,
002330.SZ,
002332.SZ,26.4014
002331.SZ,120.3962
002333.SZ,80.5157
002334.SZ,25.7854
002335.SZ,70.7967
002337.SZ,88.9995
002340.SZ,31.1577
002342.SZ,
002338.SZ,190.1309
002339.SZ,81.5732
002343.SZ,106.1651
002344.SZ,64.2314
002346.SZ,20.3584
002345.SZ,58.5601
002350.SZ,57.1726
002348.SZ,
002349.SZ,31.6332
002351.SZ,26.6268
002347.SZ,980.3902
002352.SZ,22.9566
002353.SZ,16.7102
002356.SZ,
002354.SZ,
002355.SZ,13.1542
002357.SZ,23.1878
002358.SZ,53.308
002360.SZ,
002361.SZ,182.0078
002362.SZ,
002363.SZ,67.3421
002364.SZ,78.8625
002366.SZ,
002367.SZ,15.9101
002368.SZ,82.3511
002365.SZ,202.1413
002369.SZ,
002370.SZ,172.7692
002371.SZ,39.0879
002373.SZ,
002372.SZ,18.7661
002374.SZ,
002376.SZ,90.3438
002375.SZ,17.5126
002377.SZ,
002378.SZ,64.5098
002380.SZ,22.947
002379.SZ,
002381.SZ,22.7277
002382.SZ,
002383.SZ,
002384.SZ,76.5025
002385.SZ,26.1908
002386.SZ,
002388.SZ,
002389.SZ,484.24
002387.SZ,
002390.SZ,86.2893
002391.SZ,
002392.SZ,22.1893
002393.SZ,34.1946
002397.SZ,104.8589
002394.SZ,12.7899
002396.SZ,38.5472
002398.SZ,85.3592
002395.SZ,9.4387
002399.SZ,29.4912
002400.SZ,131.1713
002401.SZ,93.6035
002402.SZ,56.6378
002404.SZ,23.0629
002403.SZ,11943.1792
002405.SZ,
002406.SZ,50.685
002407.SZ,
002408.SZ,2872.1352
002409.SZ,29.5348
002413.SZ,
002412.SZ,19.8971
002410.SZ,80.3128
002415.SZ,21.1318
002414.SZ,
002416.SZ,27.7852
002418.SZ,
002419.SZ,86.91
002422.SZ,23.4587
002420.SZ,44.7967
002421.SZ,
002423.SZ,28.9283
002424.SZ,1405.265
002425.SZ,
002426.SZ,
002427.SZ,1616.0699
002428.SZ,199.7165
002432.SZ,11.1433
002431.SZ,
002429.SZ,13.3804
002430.SZ,23.5669
002434.SZ,43.1059
002437.SZ,33.1184
002436.SZ,
002438.SZ,24.9811
002440.SZ,32.9026
002439.SZ,
002442.SZ,22.8362
002441.SZ,39.0017
002443.SZ,19.6254
002445.SZ,46.1783
002444.SZ,16.579
002446.SZ,
002448.SZ,24.0055
002452.SZ,18.016
002451.SZ,190.055
002449.SZ,142.0188
002453.SZ,
002454.SZ,31.2677
002456.SZ,
002458.SZ,31.2275
002455.SZ,35.7853
002459.SZ,
002457.SZ,15.3904
002460.SZ,
002461.SZ,27.5113
002462.SZ,33.374
002465.SZ,619.3828
002466.SZ,
002468.SZ,24.4629
002467.SZ,146.7171
002463.SZ,34.6621
002469.SZ,21.9233
002470.SZ,136.6501
002471.SZ,
002474.SZ,
002478.SZ,8.6765
002472.SZ,27.5474
002476.SZ,47.3689
002475.SZ,18.9597
002479.SZ,14.6143
002480.SZ,
002481.SZ,107.384
002485.SZ,
002483.SZ,12.7938
002484.SZ,33.8545
002482.SZ,
002486.SZ,66.5037
002487.SZ,31.2786
002488.SZ,623.4257
002489.SZ,13.8448
002491.SZ,25.8777
002490.SZ,
002492.SZ,47.9045
002493.SZ,120.0526
002495.SZ,102.6295
002494.SZ,189.9112
002496.SZ,
002497.SZ,50.6256
002498.SZ,19.7271
002500.SZ,27.7227
002501.SZ,
002507.SZ,19.0831
002506.SZ,
002508.SZ,12.0745
002510.SZ,72.7885
002511.SZ,213.5278
002512.SZ,
002513.SZ,
002514.SZ,
002516.SZ,44.9942
002517.SZ,24.2775
002515.SZ,141.538
002518.SZ,37.0482
002519.SZ,
002520.SZ,
002521.SZ,63.6383
002522.SZ,64.5889
002523.SZ,80.1206
002524.SZ,
002526.SZ,51.6786
002527.SZ,
002528.SZ,
002529.SZ,
002530.SZ,3762.5129
002531.SZ,130.497
002532.SZ,9.3937
002534.SZ,43.9314
002533.SZ,14.0996
002535.SZ,36.1573
002536.SZ,34.3651
002537.SZ,244.3934
002538.SZ,16.8244
002539.SZ,15.3222
002542.SZ,
002540.SZ,17.6429
002541.SZ,17.3267
002543.SZ,15.3612
002544.SZ,
002545.SZ,20.4884
002546.SZ,12.9161
002548.SZ,58.6328
002547.SZ,
002550.SZ,31.5849
002549.SZ,136.1582
002551.SZ,175.4307
002552.SZ,34.3019
002553.SZ,70.5731
002554.SZ,
300246.SZ,
300245.SZ,
300247.SZ,67.4119
300248.SZ,71.7368
300251.SZ,32.1676
300249.SZ,
300250.SZ,
300252.SZ,214.4112
300253.SZ,302.6041
300254.SZ,87.8263
300255.SZ,
300256.SZ,
300257.SZ,42.4305
300259.SZ,21.6052
300258.SZ,54.2427
300260.SZ,67.8207
300261.SZ,
300264.SZ,
300263.SZ,64.9102
300265.SZ,110.5763
300268.SZ,
300267.SZ,
300266.SZ,
300269.SZ,686.7487
300271.SZ,
300270.SZ,
300272.SZ,47.9366
300275.SZ,76.8142
300276.SZ,611.5318
300274.SZ,13.2518
300277.SZ,518.9993
300278.SZ,159.8933
300280.SZ,
300279.SZ,46.8028
300284.SZ,74.7652
300285.SZ,31.5103
300281.SZ,678.8987
300283.SZ,
300286.SZ,32.0917
300287.SZ,
300289.SZ,
300288.SZ,
300290.SZ,
300291.SZ,
300293.SZ,
300294.SZ,35.3872
300292.SZ,69.2457
300295.SZ,
300296.SZ,
300300.SZ,145.9523
300298.SZ,36.8489
300301.SZ,
300299.SZ,
300302.SZ,
300303.SZ,26.7358
300304.SZ,24.6798
300305.SZ,
300310.SZ,
300306.SZ,41.4867
300307.SZ,47.8287
300308.SZ,40.4792
300313.SZ,
300311.SZ,
300314.SZ,95.6692
300315.SZ,196.4251
300317.SZ,
300320.SZ,34.4892
300319.SZ,31.4016
300318.SZ,
300316.SZ,18.2806
300321.SZ,283.7758
300322.SZ,
300323.SZ,
300324.SZ,
300326.SZ,
300328.SZ,
300327.SZ,74.632
300329.SZ,
300331.SZ,
300332.SZ,39.3239
300333.SZ,
300334.SZ,199.5391
300335.SZ,50.1169
300340.SZ,
300339.SZ,249.8925
300338.SZ,
300337.SZ,206.6046
300341.SZ,53.236
300344.SZ,
300343.SZ,126.9673
300345.SZ,
300342.SZ,85.5523
300347.SZ,167.4116
300348.SZ,676.4863
300349.SZ,17.1534
300346.SZ,77.8083
300352.SZ,
300351.SZ,60.9469
300350.SZ,
300353.SZ,174.9069
300354.SZ,45.8916
300357.SZ,43.3886
300358.SZ,
300355.SZ,141.4177
300359.SZ,
300360.SZ,11.2668
300364.SZ,
300365.SZ,
300363.SZ,
300366.SZ,
300368.SZ,
300369.SZ,
300370.SZ,
300371.SZ,44.3007
300374.SZ,
300375.SZ,56.146
300373.SZ,28.6485
300376.SZ,52.0566
300377.SZ,
300378.SZ,95.9352
300381.SZ,235.1249
300379.SZ,
300380.SZ,449.297
300382.SZ,
300383.SZ,88.8079
300384.SZ,19.6525
300385.SZ,
300386.SZ,
300387.SZ,30.4026
300388.SZ,14.9231
300389.SZ,53.9272
300390.SZ,49.0023
300391.SZ,
300393.SZ,
300394.SZ,55.7724
300395.SZ,115.965
300396.SZ,117.8379
300397.SZ,
300398.SZ,38.1141
300399.SZ,348.6643
300400.SZ,56.0163
300401.SZ,27.1352
300402.SZ,69.0075
300403.SZ,40.4412
300405.SZ,
300404.SZ,258.7942
300407.SZ,48.7642
300406.SZ,17.699
300408.SZ,28.7125
300409.SZ,76.7393
300410.SZ,
300411.SZ,395.6932
300413.SZ,31.9726
300412.SZ,76.9632
300414.SZ,631.7406
300415.SZ,16.245
300416.SZ,34.6635
300417.SZ,121.776
300418.SZ,
300419.SZ,
300421.SZ,87.5848
300420.SZ,
300422.SZ,
300423.SZ,
300426.SZ,
300424.SZ,
300425.SZ,45.7531
300427.SZ,
300428.SZ,20.0315
300432.SZ,45.7973
300430.SZ,74.3955
300429.SZ,
300434.SZ,65.1005
300435.SZ,
300436.SZ,
300433.SZ,32.2969
300437.SZ,
300438.SZ,
300439.SZ,21.6307
300440.SZ,108.0083
300441.SZ,6.5522
300442.SZ,45.3165
300443.SZ,36.9259
300444.SZ,4130.3833
300445.SZ,33.0236
300446.SZ,19.5553
300447.SZ,
300449.SZ,
300448.SZ,
300450.SZ,465.2392
300452.SZ,28.3861
300451.SZ,
300454.SZ,100.0302
300453.SZ,20.7801
300455.SZ,212.7369
300456.SZ,
300457.SZ,37.6021
300458.SZ,156.0965
300459.SZ,
300460.SZ,
300461.SZ,
300462.SZ,530.8445
300463.SZ,
300464.SZ,
300465.SZ,358.7711
300466.SZ,
300467.SZ,285.8998
300468.SZ,317.2556
300469.SZ,
300471.SZ,
300470.SZ,20.0175
300473.SZ,94.054
300472.SZ,
300474.SZ,
300475.SZ,60.4275
300476.SZ,88.9617
300477.SZ,
300478.SZ,
300479.SZ,155.2267
300480.SZ,
300481.SZ,26.2937
300482.SZ,21.9541
300483.SZ,
300484.SZ,92.7966
300485.SZ,43.8678
300486.SZ,
300488.SZ,47.0592
300487.SZ,31.7841
300489.SZ,80.5477
300490.SZ,
300491.SZ,372.0742
300492.SZ,114.6712
300493.SZ,279.8453
300494.SZ,
300497.SZ,
300496.SZ,65.0447
300498.SZ,9.4463
300499.SZ,
300500.SZ,
300501.SZ,46.1656
300502.SZ,44.3327
300503.SZ,81.8741
300505.SZ,25.8572
300506.SZ,
300508.SZ,40.2451
300507.SZ,47.0338
300509.SZ,49.5879
300504.SZ,
300511.SZ,
300510.SZ,
600081.SH,64.4198
600079.SH,25.397
600080.SH,56.0652
600082.SH,233.4738
600085.SH,32.564
600088.SH,271.6151
600084.SH,505.3678
600089.SH,18.314
600096.SH,8.7637
600094.SH,
600097.SH,40.7444
600098.SH,13.3858
600095.SH,455.6896
600099.SH,131.0269
600100.SH,2071.4996
600101.SH,28.6779
600103.SH,55.5077
600104.SH,101.8222
600106.SH,41.2148
600107.SH,
600105.SH,40.086
600108.SH,60.9322
600109.SH,18.2867
600110.SH,
600111.SH,101.1438
600113.SH,98.5264
600115.SH,
600114.SH,35.3388
600116.SH,44.1703
600117.SH,
600118.SH,1414.3387
600119.SH,
600120.SH,19.6914
600121.SH,26.805
600127.SH,474.4884
600126.SH,
600123.SH,16.4266
600128.SH,78.8937
600125.SH,20.9168
600129.SH,
600130.SH,670.1641
600135.SH,
600131.SH,29.5192
600133.SH,19.9929
600137.SH,69.7178
600136.SH,
600132.SH,23.5221
600138.SH,45.8722
600141.SH,17.8352
600143.SH,37.0814
600149.SH,24.2783
600148.SH,
600150.SH,40.1798
600152.SH,
600151.SH,
600153.SH,10.1278
600155.SH,4495.329
600156.SH,
600158.SH,539.1421
600157.SH,27.6294
600159.SH,
600160.SH,31.259
600161.SH,27.7526
600162.SH,385.3172
600163.SH,14.9833
600165.SH,
600167.SH,19.6786
600166.SH,81.5907
600168.SH,69.2461
600169.SH,42.7134
600170.SH,10.5697
600171.SH,61.425
600172.SH,
600177.SH,12.9755
600173.SH,170.0501
600178.SH,420.9637
600179.SH,17.176
600176.SH,17.43
600180.SH,
600182.SH,35.6951
600183.SH,50.6396
600184.SH,
600186.SH,43.517
600187.SH,120.8681
600185.SH,
600188.SH,10.0763
600189.SH,307.8479
600191.SH,113.6271
600192.SH,
600193.SH,
600197.SH,26.0649
600195.SH,132.6089
600196.SH,24.0757
600198.SH,416.2961
600199.SH,
600200.SH,
600201.SH,119.1365
600202.SH,
600203.SH,
600206.SH,75.6939
600207.SH,
600208.SH,32.8306
600210.SH,11.6759
600211.SH,13.4218
600212.SH,485.4269
600217.SH,436.2479
600215.SH,
600218.SH,45.6795
600216.SH,10.2425
600219.SH,8.4202
600221.SH,
600222.SH,123.173
600223.SH,36.4357
600227.SH,
600226.SH,43.1672
600228.SH,
600229.SH,76.5852
600230.SH,350.1228
600231.SH,
600232.SH,271.7936
600233.SH,14.7665
600234.SH,49.0144
600235.SH,52.4579
600237.SH,48.9167
600236.SH,21.245
600239.SH,
600238.SH,
600241.SH,130.8449
600243.SH,
600246.SH,
600249.SH,47.4167
600248.SH,5.2167
600250.SH,112.1919
600252.SH,
600255.SH,115.0156
600251.SH,43.1198
600256.SH,12.3917
600257.SH,
600258.SH,18.8559
600259.SH,392.2016
600261.SH,21.7012
600265.SH,
600266.SH,
600262.SH,20.9786
600267.SH,24.4426
600268.SH,26.5073
600269.SH,9.1899
600271.SH,
600272.SH,186.0915
600273.SH,11.5723
600276.SH,59.1674
600278.SH,32.6684
600279.SH,12.854
600280.SH,
600281.SH,
600282.SH,12.3557
600284.SH,12.1815
600285.SH,17.4907
600283.SH,23.4671
600287.SH,55.4179
600289.SH,
600288.SH,
600292.SH,212.8816
600293.SH,
600295.SH,14.784
600298.SH,22.3272
600299.SH,19.4562
600300.SH,15.6092
600302.SH,
600301.SH,21.0553
600303.SH,
600305.SH,67.8616
600307.SH,
600308.SH,
600309.SH,15.9171
600313.SH,132.3972
600310.SH,
600312.SH,18.8858
600316.SH,793.6641
600315.SH,
600318.SH,141.1285
600319.SH,
600320.SH,39.8314
600322.SH,
600323.SH,12.9125
600325.SH,16.6625
600326.SH,
600327.SH,77.7949
600329.SH,13.8782
600328.SH,89.1686
600332.SH,16.073
600331.SH,4983.1855
600330.SH,105.9139
600333.SH,
600335.SH,23.942
600336.SH,
600337.SH,
600338.SH,28.1283
600345.SH,51.086
600339.SH,33.4547
600340.SH,
600343.SH,
600346.SH,15.4442
600348.SH,13.7517
600350.SH,14.5929
600351.SH,22.5585
600352.SH,15.4442
600353.SH,112.869
600354.SH,49.0948
600355.SH,
600356.SH,22.5091
600358.SH,
600359.SH,260.9629
600360.SH,50.1711
600362.SH,11.4611
600361.SH,17.8691
600363.SH,100.0178
600365.SH,
600366.SH,119.9824
600367.SH,46.6088
600368.SH,10.54
600370.SH,
600369.SH,42.4486
600372.SH,89.0391
600371.SH,68.9624
600373.SH,20.8529
600375.SH,47.197
600376.SH,
600377.SH,14.6186
600378.SH,30.5534
600379.SH,46.8153
600380.SH,16.2229
600381.SH,
600382.SH,153.439
600386.SH,196.7147
600383.SH,
600392.SH,69.3003
600389.SH,31.8428
600395.SH,
600391.SH,141.3672
600388.SH,18.8195
600390.SH,103.9496
600396.SH,48.1344
600397.SH,
600405.SH,
600398.SH,15.0154
600399.SH,
600400.SH,
600403.SH,
600783.SH,34.0512
600782.SH,68.4336
600785.SH,21.6537
600784.SH,15.2233
600790.SH,48.6491
600787.SH,67.7847
600789.SH,22.6491
600791.SH,
600792.SH,
600793.SH,
600794.SH,33.1502
600795.SH,8.4139
600797.SH,
600796.SH,32.6315
600798.SH,18534.0435
600800.SH,
600801.SH,13.6878
600802.SH,
600803.SH,13.3578
600805.SH,176.0153
600807.SH,
600808.SH,
600810.SH,
600809.SH,17.3053
600812.SH,68.3893
600814.SH,26.8974
600815.SH,738.1425
600818.SH,
600816.SH,491.7624
600817.SH,27.0866
600819.SH,39.9551
600820.SH,7.7356
600821.SH,15.8633
600822.SH,114.4857
600824.SH,271.8268
600825.SH,187.8982
600826.SH,27.9644
600827.SH,11.4156
600828.SH,
600829.SH,26.8807
600830.SH,89.2523
600831.SH,
600833.SH,22.6394
600834.SH,89.0564
600835.SH,28.9121
600838.SH,78.5175
600839.SH,51.9584
600841.SH,
600843.SH,
600844.SH,
600845.SH,33.2385
600847.SH,
600846.SH,15.366
600850.SH,31.3318
600848.SH,21.75
600851.SH,55.4336
600853.SH,9.66
600857.SH,
600854.SH,21.2247
600855.SH,
600858.SH,60.7154
600860.SH,3400.9054
600859.SH,127.9334
600861.SH,10.2687
600864.SH,44.6272
600865.SH,30.0282
600863.SH,12.6546
600862.SH,31.6224
600866.SH,11.3155
600868.SH,
600869.SH,
600867.SH,
600871.SH,57.5061
600872.SH,17.5364
600873.SH,10.4818
600875.SH,21.6993
600876.SH,
600874.SH,11.5692
600877.SH,243.1209
600879.SH,85.9101
600882.SH,90.0199
600883.SH,37.5351
600880.SH,382.7118
600881.SH,
600885.SH,20.5606
600884.SH,
600886.SH,18.1264
600887.SH,23.3224
600888.SH,9.8115
600893.SH,154.713
600892.SH,
600889.SH,
600894.SH,10.7688
600895.SH,46.2795
600897.SH,14.2896
600906.SH,35.4171
600905.SH,20.1245
600900.SH,19.9803
600903.SH,251.0793
600901.SH,11.4976
600908.SH,5.934
600909.SH,15.8495
600916.SH,23.4468
600925.SH,30.1139
600918.SH,48.849
600927.SH,43.888
600917.SH,23.9047
600919.SH,6.5619
600926.SH,6.3712
600928.SH,6.6978
600929.SH,60.1327
600930.SH,29.564
600933.SH,18.592
600935.SH,
600938.SH,9.2429
600939.SH,
600936.SH,
600941.SH,16.6934
600955.SH,
600956.SH,19.0512
600959.SH,45.1438
600958.SH,24.9694
600960.SH,
600961.SH,14.3308
600963.SH,63.522
600962.SH,109.9164
600965.SH,81.8922
600966.SH,52.8853
600968.SH,11.1176
600967.SH,76.5464
600970.SH,8.0519
600969.SH,
600973.SH,
600971.SH,12.6304
600975.SH,26.3732
600977.SH,
600976.SH,17.0542
600979.SH,27.3377
600980.SH,39.5937
600981.SH,43.137
600982.SH,17.7363
600983.SH,28.3705
600984.SH,
600985.SH,8.7456
600986.SH,53.2165
600989.SH,15.4477
600988.SH,24.0423
600987.SH,10.3536
600992.SH,
600990.SH,
600996.SH,
600993.SH,22.5214
600995.SH,25.132
600999.SH,14.89
600997.SH,14.874
600998.SH,9.1773
601000.SH,13.2594
601001.SH,9.3437
601002.SH,25.1545
601003.SH,
601005.SH,
601006.SH,15.4094
601007.SH,91.9174
601008.SH,44.0404
601009.SH,7.2994
601011.SH,
601010.SH,35.3113
601012.SH,
601015.SH,
601016.SH,15.2621
601019.SH,13.8559
601020.SH,65.9891
601018.SH,14.4267
601022.SH,22.1674
601021.SH,24.0587
601033.SH,16.9348
601059.SH,41.2609
601038.SH,17.6961
601065.SH,13.8771
601061.SH,15.1927
601058.SH,10.606
601068.SH,83.9147
601066.SH,25.3641
601069.SH,63.7585
601083.SH,12.5788
601089.SH,29.2005
601077.SH,6.6595
601096.SH,43.135
601086.SH,125.7595
601088.SH,13.6338
601098.SH,16.0173
601099.SH,107.4294
601100.SH,41.4976
601108.SH,17.4582
601101.SH,12.7904
601107.SH,11.2173
601106.SH,
601113.SH,9.0068
601111.SH,
601117.SH,8.5674
601121.SH,45.9583
601116.SH,36.6373
601118.SH,134.7957
601127.SH,31.965
601133.SH,34.3975
601126.SH,18.6083
601128.SH,6.3911
601136.SH,59.4023
601138.SH,29.95
601137.SH,10.8317
601156.SH,8.6765
601155.SH,43.5009
601139.SH,14.0378
601162.SH,134.3765
601158.SH,27.0848
601163.SH,11.5325
601168.SH,13.1804
601166.SH,6.3656
601187.SH,7.4473
601169.SH,5.3849
601179.SH,29.4371
601177.SH,32.8258
601186.SH,5.2242
601188.SH,28.249
601198.SH,23.6696
601212.SH,204.7003
601200.SH,18.4052
601211.SH,15.4804
601199.SH,12.9737
601208.SH,66.1882
601216.SH,14.5139
601218.SH,69.4634
601226.SH,59.3088
601229.SH,6.2707
601222.SH,18.1738
601225.SH,9.4699
601231.SH,23.4483
601236.SH,44.806
601228.SH,27.9815
601233.SH,24.0677
601279.SH,
601238.SH,
601288.SH,8.2798
601298.SH,10.9434
601319.SH,7.8129
601326.SH,11.9919
601311.SH,15.6851
601318.SH,9.118
601328.SH,7.2876
603937.SH,
603948.SH,17.2789
603949.SH,68.8229
603933.SH,108.8308
603938.SH,70.9846
603939.SH,18.4642
603950.SH,29.4602
603936.SH,
603958.SH,
603960.SH,97.5485
603955.SH,218.1551
603967.SH,15.713
603956.SH,
603966.SH,25.2788
603959.SH,
603968.SH,
603976.SH,77.5731
603970.SH,19.0661
603980.SH,94.834
603978.SH,
603969.SH,26.9472
603977.SH,45.8693
603979.SH,17.7053
603982.SH,
603983.SH,44.6195
603985.SH,
603989.SH,27.8723
603990.SH,
603987.SH,18.7083
603986.SH,68.2568
603991.SH,
603988.SH,452.3947
603992.SH,34.5371
603995.SH,8.4156
605001.SH,37.6281
605003.SH,31.8765
603993.SH,13.5534
603997.SH,
603999.SH,63.7938
603998.SH,17.6094
605005.SH,28.8985
605006.SH,
605009.SH,22.4674
605008.SH,693.483
605007.SH,20.155
605011.SH,44.178
605016.SH,28.8008
605018.SH,80.5662
605020.SH,39.2545
605028.SH,19.7019
605033.SH,129.1971
605055.SH,91.966
605050.SH,26.8286
605056.SH,26.1358
605060.SH,32.4889
605058.SH,28.4123
605066.SH,31.334
605068.SH,
605069.SH,
605077.SH,20.0703
605081.SH,
605080.SH,15.4899
605086.SH,39.613
605088.SH,26.6783
605089.SH,41.1995
605090.SH,11.4902
605098.SH,15.9006
605099.SH,22.5878
605100.SH,62.5417
605111.SH,30.8887
605108.SH,58.5556
605116.SH,24.2251
605117.SH,14.6872
605118.SH,69.6656
605122.SH,
605123.SH,33.4202
605136.SH,
605128.SH,52.8603
605138.SH,71.4797
605133.SH,53.4753
605151.SH,889.149
605155.SH,21.1855
605158.SH,24.1548
605162.SH,25.924
605166.SH,12.473
605167.SH,20.6803
605168.SH,47.1857
605169.SH,24.7046
605177.SH,
605178.SH,
605180.SH,69.6183
605179.SH,251.0224
605183.SH,15.2839
605186.SH,99.3054
605188.SH,
605189.SH,32.5885
605196.SH,41.4031
605198.SH,56.3056
605208.SH,102.5023
605199.SH,
605228.SH,3322.4495
605222.SH,54.5817
605218.SH,82.5728
605255.SH,106.3033
605258.SH,40.407
605259.SH,23.1393
605266.SH,30.9955
605268.SH,29.9721
605286.SH,23.2623
605277.SH,51.2035
605287.SH,
605288.SH,45.0425
605289.SH,
605296.SH,18.9437
605300.SH,149.9376
605303.SH,
605299.SH,45.2675
605298.SH,69.6914
605305.SH,23.2363
605318.SH,
605319.SH,21.7056
605333.SH,22.5554
605338.SH,17.9392
605339.SH,50.3712
605337.SH,21.4459
605336.SH,80.4387
605358.SH,
605365.SH,17.8309
605366.SH,
605368.SH,16.7131
605376.SH,91.741
605378.SH,46.6885
605377.SH,12.7451
605369.SH,30.0224
605389.SH,70.8182
605388.SH,
605398.SH,309.063
605399.SH,386.3514
605500.SH,21.3841
605499.SH,39.0095
605507.SH,15.4914
605488.SH,62.9873
605555.SH,20.3708
605566.SH,153.2362
605567.SH,89.4577
605577.SH,34.3563
605580.SH,31.9627
605599.SH,16.0588
605588.SH,
605589.SH,27.9069
605598.SH,73.0923
688001.SH,
688002.SH,53.7796
688003.SH,76.7078
688005.SH,73.5656
688007.SH,
688004.SH,
688006.SH,45.5324
688008.SH,61.0499
688009.SH,16.7196
688010.SH,594.5114
688011.SH,
688012.SH,73.0406
688013.SH,55.8563
688017.SH,436.9905
688015.SH,47.4577
688016.SH,30.5758
688018.SH,62.3566
688019.SH,41.1782
688020.SH,
688021.SH,
688022.SH,
688023.SH,
688025.SH,70.6327
688026.SH,35.3205
688027.SH,
688028.SH,38.6306
688030.SH,
688031.SH,
688029.SH,27.8134
688032.SH,50.0888
688033.SH,
688035.SH,53.975
688036.SH,22.4578
688037.SH,118.6888
688045.SH,
688041.SH,138.8251
688038.SH,
688039.SH,
688046.SH,60.8381
688047.SH,
688048.SH,
688049.SH,60.7884
688050.SH,39.5393
688052.SH,
688051.SH,
688053.SH,
688055.SH,
688056.SH,66.0646
688057.SH,25.9381
688058.SH,
688059.SH,47.9997
688062.SH,
688060.SH,
688061.SH,
688063.SH,
688065.SH,67.6746
688066.SH,
688067.SH,81.8018
688070.SH,
688069.SH,
688068.SH,
688071.SH,
688072.SH,86.781
688073.SH,42.2974
688075.SH,34.2178
688076.SH,29.9382
688077.SH,122.9138
688078.SH,83.3578
688079.SH,
688080.SH,25.8077
688081.SH,
688082.SH,35.9681
688083.SH,267.9971
688084.SH,
688085.SH,249.7062
688087.SH,18.1404
688089.SH,32.4082
688088.SH,100.593
688090.SH,362.9182
688091.SH,1425.9752
688092.SH,34.1706
688093.SH,29.7677
688095.SH,224.3189
688097.SH,34.565
688096.SH,
688098.SH,
688099.SH,33.7248
688100.SH,25.4897
688101.SH,15.357
688102.SH,99.2154
688103.SH,151.6915
688106.SH,51.2694
688107.SH,
688105.SH,
688108.SH,1385.0277
688109.SH,78.9831
688110.SH,
