ts_code,revenue_growth
000010.SZ,76.203
000006.SZ,540.2783
000004.SZ,18.6752
000001.SZ,-13.0539
000002.SZ,-38.3145
000008.SZ,23.6201
000007.SZ,120.4111
000009.SZ,-2.7199
000011.SZ,21.3521
000017.SZ,42.4662
000014.SZ,-96.2314
000020.SZ,-3.2201
000012.SZ,-22.2535
000019.SZ,14.3265
000016.SZ,3.3246
000021.SZ,7.6209
000028.SZ,-4.1747
000026.SZ,-13.2322
000029.SZ,457.3832
000032.SZ,-18.408
000027.SZ,1.7763
000031.SZ,32.2146
000025.SZ,-56.6805
000030.SZ,-3.6449
000035.SZ,-3.6359
000034.SZ,8.5643
000036.SZ,4.2665
000037.SZ,-27.5121
000045.SZ,2.1779
000039.SZ,11.0448
000042.SZ,-38.3131
000048.SZ,-11.9003
000050.SZ,7.2522
000049.SZ,6.6892
000056.SZ,-29.3494
000055.SZ,-17.6106
000059.SZ,-3.0503
000058.SZ,-13.5603
000060.SZ,-10.7792
000061.SZ,46.7714
000063.SZ,7.8157
000062.SZ,17.2383
000065.SZ,-27.2168
000068.SZ,-20.9799
000069.SZ,-38.4018
000066.SZ,7.321
000070.SZ,-26.1595
000078.SZ,-8.8075
000089.SZ,11.2019
000088.SZ,-14.0448
000090.SZ,4.8642
000096.SZ,-37.8685
000099.SZ,8.3713
000100.SZ,0.4187
000151.SZ,-47.3709
000153.SZ,-16.054
000155.SZ,-16.6191
000166.SZ,-3.5368
000333.SZ,20.4869
000157.SZ,2.9199
000301.SZ,-17.5006
000156.SZ,3.6189
000158.SZ,38.3707
000159.SZ,-49.9611
000338.SZ,1.922
000401.SZ,16.8223
000403.SZ,-14.0003
000400.SZ,-16.4219
000402.SZ,-57.9421
000404.SZ,-1.5182
000407.SZ,-5.671
000408.SZ,-4.7408
000409.SZ,-20.5466
000410.SZ,0.4557
000411.SZ,-1.8725
000419.SZ,6.292
000417.SZ,6.5504
000420.SZ,32.3949
000415.SZ,99.8237
000421.SZ,36.196
000422.SZ,-6.2896
000423.SZ,18.243
000426.SZ,50.3746
000425.SZ,10.9223
000428.SZ,-14.7124
000429.SZ,-6.6295
000430.SZ,0.6391
000488.SZ,-88.2108
000498.SZ,1.9503
000501.SZ,-8.6205
000504.SZ,-13.5532
000507.SZ,-10.887
000505.SZ,-41.294
000506.SZ,95.788
000503.SZ,5.3264
000509.SZ,-17.2816
000510.SZ,-10.9273
000513.SZ,-1.9202
000514.SZ,-1.641
000516.SZ,-14.9909
000517.SZ,-65.9607
000518.SZ,-22.2649
000519.SZ,-30.0557
000520.SZ,-23.2383
000521.SZ,23.7833
000523.SZ,-10.143
000524.SZ,1.2329
000525.SZ,0.2406
000526.SZ,22.4568
000528.SZ,15.2438
000530.SZ,0.2642
000529.SZ,-8.5401
000531.SZ,-7.7858
000533.SZ,7.4414
000532.SZ,13.7334
000536.SZ,-19.1297
000534.SZ,15.3364
000537.SZ,19.8062
000538.SZ,0.6214
000539.SZ,-17.33
000541.SZ,-14.7839
000543.SZ,-8.0964
000544.SZ,-25.6669
000545.SZ,-3.6208
000546.SZ,84.5911
000547.SZ,-33.0948
000548.SZ,-51.7985
000550.SZ,-0.0923
000552.SZ,-32.1317
000554.SZ,-4.7619
000555.SZ,22.1305
000553.SZ,-4.4769
000551.SZ,0.3676
000557.SZ,-3.034
000558.SZ,90.5428
000559.SZ,27.3946
000560.SZ,2.5412
000561.SZ,-18.0329
000564.SZ,-6.4528
000565.SZ,7.349
000563.SZ,-1.1539
000566.SZ,-43.0897
000567.SZ,-36.0219
000568.SZ,1.7823
000570.SZ,7.3264
000571.SZ,-56.915
000573.SZ,14.7322
000576.SZ,23.7618
000572.SZ,-37.8863
000581.SZ,-2.3787
000582.SZ,6.7301
000586.SZ,42.854
000589.SZ,3.5951
000591.SZ,-7.8022
000590.SZ,-15.4012
000593.SZ,0.4297
000592.SZ,-51.5108
000595.SZ,-34.5212
000596.SZ,10.3755
000597.SZ,0.3616
000598.SZ,9.6088
000603.SZ,33.9187
000599.SZ,-3.8872
000605.SZ,-7.7145
000601.SZ,6.946
000600.SZ,-5.8417
000607.SZ,-28.5332
000608.SZ,-0.9504
000609.SZ,-99.2584
000619.SZ,-2.2065
000612.SZ,11.9446
000610.SZ,-27.4013
000617.SZ,18.9048
000615.SZ,-13.4852
000620.SZ,-63.1947
000623.SZ,-27.7142
000625.SZ,-7.732
000626.SZ,-5.6446
000627.SZ,-18.4323
000628.SZ,-37.5656
000629.SZ,-40.8354
000630.SZ,7.647
000631.SZ,-37.6666
000632.SZ,-42.8928
000633.SZ,93.772
000635.SZ,-2.3217
000637.SZ,-33.999
000636.SZ,20.407
000639.SZ,-19.9179
000638.SZ,265.8993
000650.SZ,-20.3608
000651.SZ,14.1419
000652.SZ,-7.1674
000655.SZ,26.9836
000656.SZ,-89.966
000657.SZ,3.519
000659.SZ,0.9732
000661.SZ,-5.6612
000663.SZ,-3.605
000665.SZ,-7.9135
000668.SZ,761.0397
000669.SZ,-10.3385
000672.SZ,4.6438
000676.SZ,48.5647
000670.SZ,-22.6005
000677.SZ,-5.1239
000678.SZ,2.3995
000679.SZ,141.2998
000680.SZ,2.8579
000681.SZ,8.426
000685.SZ,8.2492
000682.SZ,10.0389
000683.SZ,-16.3109
000686.SZ,25.9441
000688.SZ,77.247
000690.SZ,-6.9071
000691.SZ,-13.6417
000692.SZ,0.8431
000697.SZ,2.2087
000695.SZ,-14.6945
000698.SZ,-4.1465
000700.SZ,-11.6514
000701.SZ,-45.581
000702.SZ,36.4641
000703.SZ,-14.1766
000705.SZ,-28.046
000707.SZ,-26.3093
000708.SZ,-5.5892
000709.SZ,9.3844
000711.SZ,1977.2591
000710.SZ,-22.0832
000712.SZ,24.8268
000713.SZ,-5.4977
000715.SZ,-0.1151
000716.SZ,-3.7396
000717.SZ,-29.5532
000718.SZ,-13.6452
000720.SZ,74.5324
000719.SZ,1.0423
000721.SZ,-10.7424
000722.SZ,-34.2024
000723.SZ,-5.0194
000726.SZ,5.0638
000725.SZ,10.2672
000727.SZ,-4.2417
000728.SZ,38.3657
000729.SZ,6.6874
000731.SZ,5.7379
000733.SZ,-10.4453
002281.SZ,72.1392
002286.SZ,24.2326
002284.SZ,23.147
002287.SZ,10.3853
002289.SZ,93.7259
002290.SZ,0.3173
002292.SZ,1.0991
002291.SZ,-38.5157
002294.SZ,-2.6365
002293.SZ,0.5707
002295.SZ,48.5781
002298.SZ,-3.2745
002297.SZ,50.8384
002296.SZ,21.3445
002299.SZ,-2.3802
002300.SZ,-10.5177
002301.SZ,0.9768
002302.SZ,-7.592
002303.SZ,15.2782
002306.SZ,229.9897
002305.SZ,-40.0805
002304.SZ,-31.9208
002307.SZ,3.4663
002309.SZ,-44.1354
002310.SZ,-97.9291
002311.SZ,12.4964
002312.SZ,24.6977
002316.SZ,26.0047
002314.SZ,205.0918
002313.SZ,-24.0803
002317.SZ,-1.0704
002315.SZ,15.3978
002319.SZ,4.7811
002318.SZ,20.6736
002320.SZ,-5.1069
002322.SZ,-4.1416
002321.SZ,3.7759
002324.SZ,-0.6849
002323.SZ,-26.0123
002326.SZ,28.9883
002327.SZ,-17.8029
002328.SZ,-26.6528
002329.SZ,-6.9024
002330.SZ,-4.829
002332.SZ,-2.8642
002331.SZ,-10.519
002333.SZ,15.8683
002334.SZ,-11.4698
002335.SZ,2.7313
002337.SZ,-13.2614
002340.SZ,13.6673
002342.SZ,12.4427
002338.SZ,-3.6335
002339.SZ,46.7697
002343.SZ,4562.3025
002344.SZ,-0.8414
002346.SZ,2.5293
002345.SZ,25.3645
002350.SZ,60.2153
002348.SZ,14.8213
002349.SZ,-0.9788
002351.SZ,-3.0361
002347.SZ,26.0911
002352.SZ,6.9005
002353.SZ,39.2063
002356.SZ,365.3932
002354.SZ,31.1455
002355.SZ,7.7576
002357.SZ,-6.0123
002358.SZ,23.3437
002360.SZ,-27.6722
002361.SZ,3.6286
002362.SZ,13.9412
002363.SZ,-2.549
002364.SZ,11.0655
002366.SZ,11.5406
002367.SZ,-4.8022
002368.SZ,-15.9554
002365.SZ,-12.9629
002369.SZ,1.1709
002370.SZ,-42.7299
002371.SZ,37.9033
002373.SZ,1.8333
002372.SZ,-10.1965
002374.SZ,-16.7864
002376.SZ,21.0527
002375.SZ,-19.6701
002377.SZ,29.5248
002378.SZ,35.7352
002380.SZ,14.6012
002379.SZ,-4.8308
002381.SZ,12.836
002382.SZ,1.5852
002383.SZ,25.171
002384.SZ,11.0711
002385.SZ,2.358
002386.SZ,4.4226
002388.SZ,-17.1384
002389.SZ,-32.0811
002387.SZ,1.0136
002390.SZ,-8.9255
002391.SZ,6.9966
002392.SZ,10.5356
002393.SZ,1.369
002397.SZ,-19.2245
002394.SZ,-16.113
002396.SZ,11.0245
002398.SZ,1.7799
002395.SZ,41.1033
002399.SZ,1.5291
002400.SZ,16.0588
002401.SZ,-15.0246
002402.SZ,30.4364
002404.SZ,2.0529
002403.SZ,-5.0836
002405.SZ,6.8658
002406.SZ,6.9412
002407.SZ,-2.0935
002408.SZ,2.5271
002409.SZ,30.8764
002413.SZ,-10.3123
002412.SZ,6.0047
002410.SZ,-5.2411
002415.SZ,1.4777
002414.SZ,45.4698
002416.SZ,-41.2115
002418.SZ,28.9139
002419.SZ,-2.1799
002422.SZ,-29.4163
002420.SZ,25.4728
002421.SZ,-25.8391
002423.SZ,-77.8473
002424.SZ,-42.9306
002425.SZ,19.7501
002426.SZ,2.5172
002427.SZ,7.4401
002428.SZ,83.7766
002432.SZ,-33.4906
002431.SZ,-20.4608
002429.SZ,-9.3273
002430.SZ,7.8517
002434.SZ,8.7439
002437.SZ,-7.0604
002436.SZ,13.766
002438.SZ,1.2103
002440.SZ,2.2048
002439.SZ,-30.5444
002442.SZ,6.0449
002441.SZ,5.2424
002443.SZ,-15.344
002445.SZ,39.3248
002444.SZ,10.5889
002446.SZ,-0.051
002448.SZ,13.7706
002452.SZ,33.5692
002451.SZ,55.2904
002449.SZ,-18.4759
002453.SZ,-18.6199
002454.SZ,13.0853
002456.SZ,5.0715
002458.SZ,-3.9797
002455.SZ,23.0674
002459.SZ,-33.1792
002457.SZ,-21.5143
002460.SZ,-25.4275
002461.SZ,10.6919
002462.SZ,-37.1496
002465.SZ,-13.9675
002466.SZ,-0.0167
002468.SZ,18.4252
002467.SZ,-27.0145
002463.SZ,56.2528
002469.SZ,5.5405
002470.SZ,19.6719
002471.SZ,0.8135
002474.SZ,28.5201
002478.SZ,-7.0698
002472.SZ,-0.4702
002476.SZ,-5.0235
002475.SZ,17.9002
002479.SZ,12.8233
002480.SZ,-27.628
002481.SZ,14.8787
002485.SZ,29.9295
002483.SZ,-3.1483
002484.SZ,10.1398
002482.SZ,168.6033
002486.SZ,14.8764
002487.SZ,146.3583
002488.SZ,8.4786
002489.SZ,11.9026
002491.SZ,-15.2662
002490.SZ,50.5054
002492.SZ,-9.9958
002493.SZ,-7.5386
002495.SZ,-1.757
002494.SZ,-40.6597
002496.SZ,29.3661
002497.SZ,-17.0306
002498.SZ,2.5141
002500.SZ,19.1512
002501.SZ,-52.0173
002507.SZ,-4.7543
002506.SZ,7.0637
002508.SZ,-7.1965
002510.SZ,-1.1578
002511.SZ,12.0612
002512.SZ,-22.1903
002513.SZ,43.8584
002514.SZ,-66.7292
002516.SZ,15.7231
002517.SZ,3.4624
002515.SZ,-2.7585
002518.SZ,13.5141
002519.SZ,-59.7255
002520.SZ,-23.4902
002521.SZ,-2.8809
002522.SZ,-5.6072
002523.SZ,29.5853
002524.SZ,4.3248
002526.SZ,4.5898
002527.SZ,14.5371
002528.SZ,-61.2641
002529.SZ,124.2807
002530.SZ,-33.001
002531.SZ,-12.1041
002532.SZ,16.1161
002534.SZ,5.3225
002533.SZ,17.5018
002535.SZ,16.201
002536.SZ,-8.6743
002537.SZ,-18.0047
002538.SZ,33.6533
002539.SZ,15.2838
002542.SZ,-35.6118
002540.SZ,5.076
002541.SZ,8.775
002543.SZ,15.9358
002544.SZ,-19.5783
002545.SZ,6.4776
002546.SZ,11.5661
002548.SZ,11.2195
002547.SZ,-2.9896
002550.SZ,-2.2167
002549.SZ,10.5222
002551.SZ,1.3024
002552.SZ,-0.4671
002553.SZ,9.1844
002554.SZ,-53.1088
300246.SZ,-7.1691
300245.SZ,136.3454
300247.SZ,42.6839
300248.SZ,-16.1341
300251.SZ,177.8711
300249.SZ,26.4379
300250.SZ,-33.862
300252.SZ,20.8773
300253.SZ,-30.2364
300254.SZ,-4.0936
300255.SZ,-12.1009
300256.SZ,45.0202
300257.SZ,6.0287
300259.SZ,-13.1639
300258.SZ,1.7411
300260.SZ,-2.3274
300261.SZ,43.5206
300264.SZ,207.3395
300263.SZ,-0.464
300265.SZ,-12.9845
300268.SZ,-34.0895
300267.SZ,28.1949
300266.SZ,-4.6994
300269.SZ,-26.4772
300271.SZ,11.5894
300270.SZ,-51.439
300272.SZ,6.3145
300275.SZ,4.6938
300276.SZ,-31.8807
300274.SZ,50.9202
300277.SZ,-11.3379
300278.SZ,-51.2676
300280.SZ,-48.4474
300279.SZ,-13.2969
300284.SZ,-13.7506
300285.SZ,17.9355
300281.SZ,-14.5039
300283.SZ,39.8682
300286.SZ,0.5807
300287.SZ,-27.1447
300289.SZ,-16.6082
300288.SZ,-8.1461
300290.SZ,0.5182
300291.SZ,38.0136
300293.SZ,-8.1389
300294.SZ,19.4946
300292.SZ,5.0161
300295.SZ,-43.0483
300296.SZ,-7.5942
300300.SZ,38.5979
300298.SZ,2.7648
300301.SZ,-13.9357
300299.SZ,63.6602
300302.SZ,-49.2959
300303.SZ,21.0814
300304.SZ,10.5469
300305.SZ,-15.422
300310.SZ,-4.1469
300306.SZ,-6.1285
300307.SZ,2.7336
300308.SZ,37.8237
300313.SZ,40.502
300311.SZ,108.4599
300314.SZ,-21.9953
300315.SZ,-36.6189
300317.SZ,67.55
300320.SZ,27.2054
300319.SZ,15.437
300318.SZ,-23.0467
300316.SZ,-30.4185
300321.SZ,9.2625
300322.SZ,41.6906
300323.SZ,27.8153
300324.SZ,1.4284
300326.SZ,7.5586
300328.SZ,-14.6023
300327.SZ,0.0486
300329.SZ,-39.9567
300331.SZ,-3.9267
300332.SZ,-19.0183
300333.SZ,27.6152
300334.SZ,-1.2334
300335.SZ,13.2091
300340.SZ,-4.0955
300339.SZ,8.0914
300338.SZ,-10.2068
300337.SZ,21.8658
300341.SZ,5.9143
300344.SZ,151.4822
300343.SZ,12.1986
300345.SZ,4.0882
300342.SZ,-1.4318
300347.SZ,-5.7861
300348.SZ,3.0409
300349.SZ,-2.32
300346.SZ,23.1907
300352.SZ,-52.7137
300351.SZ,11.1433
300350.SZ,23.0903
300353.SZ,3.0813
300354.SZ,4.2542
300357.SZ,5.6519
300358.SZ,-22.1876
300355.SZ,28.1544
300359.SZ,-27.9321
300360.SZ,-7.4024
300364.SZ,4.6695
300365.SZ,114.4141
300363.SZ,18.2141
300366.SZ,61.6035
300368.SZ,-62.4289
300369.SZ,1.8369
300370.SZ,-3.7842
300371.SZ,47.5201
300374.SZ,-17.8899
300375.SZ,21.704
300373.SZ,18.9039
300376.SZ,-4.5176
300377.SZ,8.498
300378.SZ,4.3258
300381.SZ,1.7892
300379.SZ,77.4077
300380.SZ,8.9241
300382.SZ,54.8622
300383.SZ,-7.4116
300384.SZ,-16.1615
300385.SZ,89.7315
300386.SZ,23.5021
300387.SZ,-3.4365
300388.SZ,-10.9975
300389.SZ,-4.4727
300390.SZ,-3.8038
300391.SZ,75.4625
300393.SZ,26.5075
300394.SZ,29.1061
300395.SZ,-0.9722
300396.SZ,-72.4658
300397.SZ,-34.7744
300398.SZ,4.8102
300399.SZ,12.9092
300400.SZ,21.2631
300401.SZ,-1.1754
300402.SZ,-9.8047
300403.SZ,5.5969
300405.SZ,-34.8495
300404.SZ,-17.06
300407.SZ,31.2677
300406.SZ,-18.8083
300408.SZ,17.2373
300409.SZ,-12.1688
300410.SZ,-13.8181
300411.SZ,-19.6379
300413.SZ,-12.7561
300412.SZ,12.3915
300414.SZ,12.7181
300415.SZ,24.3183
300416.SZ,8.0896
300417.SZ,44.1801
300418.SZ,46.0704
300419.SZ,-20.5843
300421.SZ,4.5307
300420.SZ,-7.9091
300422.SZ,-58.4373
300423.SZ,-37.237
300426.SZ,-27.4752
300424.SZ,-4.109
300425.SZ,36.2306
300427.SZ,75.1513
300428.SZ,20.3884
300432.SZ,80.2979
300430.SZ,-29.4186
300429.SZ,1.308
300434.SZ,-19.651
300435.SZ,-12.007
300436.SZ,-18.6923
300433.SZ,10.0974
300437.SZ,-28.4534
300438.SZ,5.8285
300439.SZ,-22.3216
300440.SZ,83.5849
300441.SZ,-39.6407
300442.SZ,21.4005
300443.SZ,97.5362
300444.SZ,-40.3477
300445.SZ,3.5729
300446.SZ,13.665
300447.SZ,-30.3177
300449.SZ,120.1537
300448.SZ,-26.0648
300450.SZ,-6.4176
300452.SZ,4.2843
300451.SZ,-22.6725
300454.SZ,21.9091
300453.SZ,10.8318
300455.SZ,-18.7215
300456.SZ,-2.2361
300457.SZ,-28.2855
300458.SZ,51.364
300459.SZ,-17.0592
300460.SZ,-6.4282
300461.SZ,-10.2713
300462.SZ,-27.1552
300463.SZ,-15.9415
300464.SZ,-8.6527
300465.SZ,-31.3024
300466.SZ,17.1265
300467.SZ,-6.2211
300468.SZ,-21.4026
300469.SZ,142.3418
300471.SZ,183.8904
300470.SZ,21.9935
300473.SZ,15.1299
300472.SZ,-94.7422
300474.SZ,-5.463
300475.SZ,243.3325
300476.SZ,80.3145
300477.SZ,-51.5681
300478.SZ,21.753
300479.SZ,303.7045
300480.SZ,4.9912
300481.SZ,0.5685
300482.SZ,-7.0627
300483.SZ,155.9935
300484.SZ,87.0365
300485.SZ,-15.519
300486.SZ,22.6455
300488.SZ,19.1028
300487.SZ,-8.5789
300489.SZ,78.2044
300490.SZ,-56.7569
300491.SZ,16.1376
300492.SZ,18.9124
300493.SZ,5.9622
300494.SZ,24.1614
300497.SZ,-31.352
300496.SZ,24.6866
300498.SZ,11.3354
300499.SZ,22.0329
300500.SZ,-33.0893
300501.SZ,10.4586
300502.SZ,264.1319
300503.SZ,14.2143
300505.SZ,23.9954
300506.SZ,5.1184
300508.SZ,9.5059
300507.SZ,131.882
300509.SZ,6.0316
300504.SZ,-38.5459
300511.SZ,-27.0358
300510.SZ,44.8354
600081.SH,-8.7591
600079.SH,-3.6117
600080.SH,-7.3121
600082.SH,-35.1461
600085.SH,0.1592
600088.SH,-18.4525
600084.SH,-4.3389
600089.SH,-0.7874
600096.SH,-6.1564
600094.SH,94.9127
600097.SH,5.0433
600098.SH,1.3869
600095.SH,-30.4289
600099.SH,34.4401
600100.SH,-31.1965
600101.SH,11.3809
600103.SH,-5.932
600104.SH,-0.9381
600106.SH,-0.245
600107.SH,-42.7768
600105.SH,7.5358
600108.SH,9.672
600109.SH,27.1431
600110.SH,34.2947
600111.SH,61.185
600113.SH,4.6507
600115.SH,0.6538
600114.SH,24.5067
600116.SH,-7.9219
600117.SH,-4.8701
600118.SH,33.5828
600119.SH,-83.9365
600120.SH,-42.9414
600121.SH,-15.0529
600127.SH,-16.0303
600126.SH,-10.0139
600123.SH,-3.079
600128.SH,19.4245
600125.SH,-22.8389
600129.SH,-32.7891
600130.SH,26.3169
600135.SH,-18.0672
600131.SH,9.1402
600133.SH,18.835
600137.SH,-9.6504
600136.SH,1148.7578
600132.SH,1.4622
600138.SH,6.8378
600141.SH,4.9399
600143.SH,49.0577
600149.SH,0.8034
600148.SH,-0.4989
600150.SH,3.8481
600152.SH,-19.721
600151.SH,-34.2636
600153.SH,9.4683
600155.SH,-12.038
600156.SH,14.4504
600158.SH,-57.9194
600157.SH,-22.9561
600159.SH,71.494
600160.SH,6.0462
600161.SH,7.8408
600162.SH,-6.5729
600163.SH,10.4326
600165.SH,74.0768
600167.SH,-1.0633
600166.SH,15.009
600168.SH,26.2973
600169.SH,60.1811
600170.SH,-46.0563
600171.SH,6.005
600172.SH,-2.6146
600177.SH,-15.5992
600173.SH,36.3765
600178.SH,25.7208
600179.SH,26.352
600176.SH,32.4158
600180.SH,-26.3101
600182.SH,4.8033
600183.SH,26.8605
600184.SH,33.0367
600186.SH,37.7727
600187.SH,21.1303
600185.SH,-58.5436
600188.SH,-23.5284
600189.SH,31.7397
600191.SH,-45.8159
600192.SH,-26.2267
600193.SH,-97.8286
600197.SH,-4.3156
600195.SH,11.8766
600196.SH,-7.2552
600198.SH,-17.0705
600199.SH,-29.4136
600200.SH,-25.4412
600201.SH,1.0553
600202.SH,-30.1944
600203.SH,0.4174
600206.SH,-18.6742
600207.SH,-22.6815
600208.SH,-84.6252
600210.SH,5.3428
600211.SH,1.1201
600212.SH,31.333
600217.SH,46.2378
600215.SH,-57.0921
600218.SH,5.7798
600216.SH,0.2768
600219.SH,24.3193
600221.SH,0.2929
600222.SH,-35.2301
600223.SH,-1.6347
600227.SH,29.0892
600226.SH,86.3625
600228.SH,-16.6778
600229.SH,-9.2619
600230.SH,-15.4294
600231.SH,-25.1487
600232.SH,7.2008
600233.SH,10.5841
600234.SH,1268.9491
600235.SH,-20.5575
600237.SH,16.7171
600236.SH,-8.6964
600239.SH,-3.149
600238.SH,-18.4688
600241.SH,9.2089
600243.SH,-10.1786
600246.SH,51.2106
600249.SH,15.4894
600248.SH,-16.3043
600250.SH,-7.9779
600252.SH,-7.9245
600255.SH,17.1683
600251.SH,-30.4887
600256.SH,-11.3445
600257.SH,-14.3992
600258.SH,-4.3374
600259.SH,-14.0494
600261.SH,-17.0558
600265.SH,-40.242
600266.SH,435.8967
600262.SH,6.4051
600267.SH,-3.4767
600268.SH,50.7857
600269.SH,0.0954
600271.SH,-22.713
600272.SH,15.0461
600273.SH,8.3074
600276.SH,20.1429
600278.SH,-3.4449
600279.SH,-20.3024
600280.SH,2.1541
600281.SH,120.8892
600282.SH,-14.9325
600284.SH,-41.3334
600285.SH,12.2886
600283.SH,7.8096
600287.SH,-19.3687
600289.SH,-15.3229
600288.SH,22.7312
600292.SH,4.5275
600293.SH,-30.1224
600295.SH,-16.3902
600298.SH,8.9489
600299.SH,22.985
600300.SH,-23.1069
600302.SH,-17.4639
600301.SH,20.1566
600303.SH,1.489
600305.SH,35.9659
600307.SH,-17.3658
600308.SH,-10.1427
600309.SH,-6.7008
600313.SH,85.2863
600310.SH,-15.2216
600312.SH,22.8235
600316.SH,90.5634
600315.SH,-10.5905
600318.SH,7.1277
600319.SH,5.6121
600320.SH,0.856
600322.SH,8.5193
600323.SH,-4.2411
600325.SH,164.0528
600326.SH,10.7632
600327.SH,-8.5525
600329.SH,-30.2211
600328.SH,-5.7572
600332.SH,-2.0605
600331.SH,15.0442
600330.SH,-15.3939
600333.SH,-6.5912
600335.SH,-14.8415
600336.SH,-13.796
600337.SH,-11.6606
600338.SH,86.6747
600345.SH,5.2465
600339.SH,16.2615
600340.SH,-11.7336
600343.SH,-1.0463
600346.SH,-2.3401
600348.SH,-5.5315
600350.SH,-1.3483
600351.SH,-20.316
600352.SH,-7.2124
600353.SH,-11.3821
600354.SH,34.1497
600355.SH,-35.9106
600356.SH,26.801
600358.SH,-29.1562
600359.SH,-5.3067
600360.SH,29.5614
600362.SH,-8.9017
600361.SH,7.7912
600363.SH,11.5424
600365.SH,-19.8648
600366.SH,9.3574
600367.SH,8.1461
600368.SH,2.9795
600370.SH,-18.8799
600369.SH,5.0991
600372.SH,-16.263
600371.SH,-21.8736
600373.SH,-25.3103
600375.SH,43.9276
600376.SH,12.3397
600377.SH,37.6615
600378.SH,10.9593
600379.SH,-20.5407
600380.SH,-5.7729
600381.SH,-1.1128
600382.SH,36.5117
600386.SH,-14.0891
600383.SH,-14.2906
600392.SH,3.6576
600389.SH,10.1528
600395.SH,27.3318
600391.SH,-6.7874
600388.SH,-13.6879
600390.SH,134.7488
600396.SH,-1.3043
600397.SH,-28.2584
600405.SH,-27.8559
600398.SH,0.1602
600399.SH,-15.2502
600400.SH,-14.7804
600403.SH,-23.6339
600783.SH,31.496
600782.SH,-22.5372
600785.SH,-1.5672
600784.SH,0.0958
600790.SH,-5.3322
600787.SH,-5.0107
600789.SH,-6.9512
600791.SH,85.4848
600792.SH,-31.3115
600793.SH,9.5054
600794.SH,-20.0876
600795.SH,-12.6053
600797.SH,-16.4818
600796.SH,1.0288
600798.SH,-13.5367
600800.SH,-35.7676
600801.SH,1.1017
600802.SH,5.3958
600803.SH,-1.403
600805.SH,-11.8746
600807.SH,57.8097
600808.SH,-4.7408
600810.SH,-6.21
600809.SH,7.7229
600812.SH,0.6546
600814.SH,-6.213
600815.SH,-5.4916
600818.SH,24.5365
600816.SH,
600817.SH,0.7911
600819.SH,-5.4043
600820.SH,-25.3344
600821.SH,1.2049
600822.SH,-45.2136
600824.SH,-28.2955
600825.SH,6.7263
600826.SH,30.9821
600827.SH,-14.0029
600828.SH,-22.1247
600829.SH,3.2856
600830.SH,39.185
600831.SH,-14.5319
600833.SH,9.0658
600834.SH,-8.6754
600835.SH,-2.3025
600838.SH,0.0202
600839.SH,12.8938
600841.SH,-24.9683
600843.SH,0.9577
600844.SH,17.9139
600845.SH,-25.1562
600847.SH,0.2237
600846.SH,-9.3914
600850.SH,0.3608
600848.SH,-17.1327
600851.SH,-3.0172
600853.SH,-5.0619
600857.SH,-44.6932
600854.SH,-3.9453
600855.SH,-33.8881
600858.SH,-4.3229
600860.SH,0.8116
600859.SH,-9.7642
600861.SH,2.7169
600864.SH,-5.2554
600865.SH,-14.1625
600863.SH,-9.326
600862.SH,6.3815
600866.SH,-3.8154
600868.SH,58.5933
600869.SH,1.3015
600867.SH,10.1654
600871.SH,-3.6854
600872.SH,-25.8052
600873.SH,-3.3608
600875.SH,10.064
600876.SH,-37.9761
600874.SH,2.0504
600877.SH,-2.2176
600879.SH,-55.4143
600882.SH,6.2585
600883.SH,64.2453
600880.SH,84.0429
600881.SH,2.5509
600885.SH,15.4313
600884.SH,28.0357
600886.SH,-6.9891
600887.SH,1.4645
600888.SH,15.3829
600893.SH,-1.7129
600892.SH,37.6867
600889.SH,-31.2427
600894.SH,-9.9599
600895.SH,24.4065
600897.SH,7.1035
600906.SH,12.912
600905.SH,-3.4652
600900.SH,8.6769
600903.SH,12.9953
600901.SH,20.4669
600908.SH,3.5319
600909.SH,72.0237
600916.SH,-39.7121
600925.SH,-3.9894
600918.SH,0.2278
600927.SH,-47.5098
600917.SH,1.7893
600919.SH,6.2143
600926.SH,2.2227
600928.SH,8.1405
600929.SH,-24.5731
600930.SH,16.1935
600933.SH,1.4137
600935.SH,-0.573
600938.SH,-4.1393
600939.SH,-6.2581
600936.SH,-5.7759
600941.SH,-0.5441
600955.SH,12.4295
600956.SH,-12.5964
600959.SH,1.4718
600958.SH,49.0558
600960.SH,-13.7986
600961.SH,8.5034
600963.SH,-16.436
600962.SH,58.0299
600965.SH,13.8218
600966.SH,3.7703
600968.SH,9.4194
600967.SH,19.5973
600970.SH,-1.365
600969.SH,0.0339
600973.SH,19.9754
600971.SH,-42.5226
600975.SH,30.3167
600977.SH,-3.13
600976.SH,-8.044
600979.SH,4.8029
600980.SH,16.3711
600981.SH,8.7033
600982.SH,-12.2283
600983.SH,36.0655
600984.SH,-14.5586
600985.SH,-38.9985
600986.SH,0.2763
600989.SH,30.9216
600988.SH,29.8494
600987.SH,-5.6867
600992.SH,-11.6262
600990.SH,-13.6666
600996.SH,-22.6582
600993.SH,1.4796
600995.SH,17.5172
600999.SH,9.6373
600997.SH,-15.9551
600998.SH,3.815
601000.SH,-16.6352
601001.SH,-33.7275
601002.SH,35.8985
601003.SH,-14.3556
601005.SH,-14.507
601006.SH,-2.5596
601007.SH,-20.475
601008.SH,-4.1788
601009.SH,6.5345
601011.SH,-75.7088
601010.SH,-13.1421
601012.SH,-22.7521
601015.SH,-37.3106
601016.SH,-1.3265
601019.SH,0.3037
601020.SH,5.6708
601018.SH,1.8985
601022.SH,17.6027
601021.SH,2.8847
601033.SH,-2.5216
601059.SH,15.7778
601038.SH,-2.1342
601065.SH,-17.3405
601061.SH,5.2807
601058.SH,15.2922
601068.SH,-3.6308
601066.SH,14.5437
601069.SH,36.0627
601083.SH,33.2525
601089.SH,3.4569
601077.SH,1.3456
601096.SH,-9.2836
601086.SH,-17.2823
601088.SH,-21.0714
601098.SH,-4.1847
601099.SH,11.0901
601100.SH,2.5647
601108.SH,-24.1593
601101.SH,5.1264
601107.SH,-8.0808
601106.SH,-37.1558
601113.SH,-44.5306
601111.SH,-0.1059
601117.SH,-0.9804
601121.SH,24.7945
601116.SH,1.1273
601118.SH,23.2954
601127.SH,-27.9119
601133.SH,-9.4118
601126.SH,18.3351
601128.SH,10.1008
601136.SH,-23.3402
601138.SH,35.157
601137.SH,10.5858
601156.SH,5.0159
601155.SH,-32.1731
601139.SH,9.4794
601162.SH,243.0478
601158.SH,8.656
601163.SH,-5.9154
601168.SH,26.5918
601166.SH,-3.5809
601187.SH,-18.4226
601169.SH,-3.1826
601179.SH,11.274
601177.SH,6.61
601186.SH,-6.6146
601188.SH,-6.4674
601198.SH,-27.8319
601212.SH,-18.4804
601200.SH,1.3937
601211.SH,47.4776
601199.SH,-0.4346
601208.SH,23.229
601216.SH,19.3947
601218.SH,42.8605
601226.SH,17.42
601229.SH,3.8462
601222.SH,-27.6939
601225.SH,-7.2994
601231.SH,1.1615
601236.SH,45.9996
601228.SH,5.5327
601233.SH,-8.012
601279.SH,-14.4865
601238.SH,-7.9492
601288.SH,0.351
601298.SH,8.5099
601319.SH,12.8342
601326.SH,-5.9928
601311.SH,19.7432
601318.SH,-5.1994
601328.SH,-1.0215
603937.SH,33.0639
603948.SH,-9.1826
603949.SH,2.5987
603933.SH,23.2891
603938.SH,8.2065
603939.SH,0.6384
603950.SH,20.5182
603936.SH,14.3841
603958.SH,57.6762
603960.SH,-17.2996
603955.SH,-11.4634
603967.SH,-12.9521
603956.SH,-50.2431
603966.SH,18.4307
603959.SH,17.9201
603968.SH,-4.1525
603976.SH,-34.2429
603970.SH,5.6166
603980.SH,-6.3941
603978.SH,47.8298
603969.SH,23.699
603977.SH,-1.2637
603979.SH,42.4908
603982.SH,19.3551
603983.SH,28.0103
603985.SH,108.2678
603989.SH,15.7706
603990.SH,-43.1329
603987.SH,-3.8227
603986.SH,17.3169
603991.SH,38.6674
603988.SH,7.0356
603992.SH,-17.4954
603995.SH,0.8945
605001.SH,27.1919
605003.SH,7.1236
603993.SH,-0.2503
603997.SH,-4.7271
603999.SH,-18.1603
603998.SH,-4.6244
605005.SH,-0.9271
605006.SH,18.0589
605009.SH,42.419
605008.SH,-6.9267
605007.SH,15.2121
605011.SH,-15.9278
605016.SH,24.2718
605018.SH,-27.8176
605020.SH,12.3584
605028.SH,-16.1419
605033.SH,-7.2658
605055.SH,-5.4533
605050.SH,1.9323
605056.SH,46.041
605060.SH,-5.1312
605058.SH,23.1663
605066.SH,1.044
605068.SH,25.6035
605069.SH,-7.6325
605077.SH,28.6275
605081.SH,-22.2902
605080.SH,30.398
605086.SH,8.8216
605088.SH,18.6533
605089.SH,4.2378
605090.SH,-13.4071
605098.SH,-7.2066
605099.SH,15.2681
605100.SH,-27.6935
605111.SH,20.8127
605108.SH,0.1671
605116.SH,19.7758
605117.SH,36.2361
605118.SH,13.7719
605122.SH,-23.6859
605123.SH,2.9461
605136.SH,-23.5828
605128.SH,-7.2359
605138.SH,-10.0275
605133.SH,29.6823
605151.SH,40.6147
605155.SH,13.3327
605158.SH,-11.8831
605162.SH,-20.4591
605166.SH,-4.6342
605167.SH,1.4521
605168.SH,-12.7617
605169.SH,43.9844
605177.SH,-45.8507
605178.SH,17.4297
605180.SH,-13.5358
605179.SH,1.7531
605183.SH,3.254
605186.SH,116.2656
605188.SH,5.2345
605189.SH,24.6794
605196.SH,11.2538
605198.SH,58.9774
605208.SH,45.8855
605199.SH,-28.4153
605228.SH,22.4571
605222.SH,-14.1048
605218.SH,12.7294
605255.SH,-9.3581
605258.SH,7.3688
605259.SH,50.115
605266.SH,-0.8541
605268.SH,13.5936
605286.SH,11.7069
605277.SH,27.394
605287.SH,-15.7886
605288.SH,15.6295
605289.SH,49.4361
605296.SH,35.9687
605300.SH,5.4633
605303.SH,22.3056
605299.SH,-0.0098
605298.SH,7.692
605305.SH,31.7056
605318.SH,-1.3845
605319.SH,22.4845
605333.SH,0.6429
605338.SH,4.4506
605339.SH,1.9014
605337.SH,-4.3028
605336.SH,-58.3111
605358.SH,20.8191
605365.SH,8.7597
605366.SH,-5.6844
605368.SH,-11.734
605376.SH,24.9758
605378.SH,12.0935
605377.SH,-10.8875
605369.SH,-2.7371
605389.SH,-2.6448
605388.SH,1.4088
605398.SH,-9.4424
605399.SH,-15.0927
605500.SH,-7.5498
605499.SH,36.3678
605507.SH,4.6304
605488.SH,7.8932
605555.SH,21.3338
605566.SH,-17.5666
605567.SH,12.4752
605577.SH,-20.755
605580.SH,21.6681
605599.SH,30.1785
605588.SH,22.3203
605589.SH,15.1404
605598.SH,29.2484
688001.SH,-5.3206
688002.SH,12.8768
688003.SH,13.1377
688005.SH,-9.2804
688007.SH,3.6722
688004.SH,-25.8916
688006.SH,-23.067
688008.SH,65.7766
688009.SH,2.9342
688010.SH,15.6139
688011.SH,-76.2028
688012.SH,35.4047
688013.SH,9.3432
688017.SH,19.6509
688015.SH,-4.7303
688016.SH,-7.2308
688018.SH,44.076
688019.SH,44.0832
688020.SH,31.5814
688021.SH,34.0371
688022.SH,-28.4368
688023.SH,10.7964
688025.SH,34.0701
688026.SH,25.9956
688027.SH,106.0285
688028.SH,4.274
688030.SH,4.5802
688031.SH,2.5867
688029.SH,12.7529
688032.SH,1.4573
688033.SH,-33.0812
688035.SH,55.7069
688036.SH,-25.4508
688037.SH,12.7371
688045.SH,-9.2785
688041.SH,45.2129
688038.SH,-31.0379
688039.SH,-21.1269
688046.SH,8.7648
688047.SH,4.1313
688048.SH,79.6267
688049.SH,62.0301
688050.SH,15.0705
688052.SH,97.8215
688051.SH,-44.4601
688053.SH,34.8478
688055.SH,-35.1579
688056.SH,-6.0943
688057.SH,1.546
688058.SH,-43.2985
688059.SH,30.4761
688062.SH,-33.7009
688060.SH,-29.376
688061.SH,8.8638
688063.SH,1.7168
688065.SH,13.3302
688066.SH,-44.099
688067.SH,13.8451
688070.SH,42.204
688069.SH,21.3631
688068.SH,-19.7057
688071.SH,39.0188
688072.SH,50.2158
688073.SH,12.8316
688075.SH,-10.9037
688076.SH,58.9578
688077.SH,14.6027
688078.SH,-20.3998
688079.SH,29.016
688080.SH,40.8569
688081.SH,2.0483
688082.SH,35.8333
688083.SH,4.5558
688084.SH,212.8072
688085.SH,34.7162
688087.SH,25.194
688089.SH,33.2807
688088.SH,13.7717
688090.SH,5.3689
688091.SH,31.4837
688092.SH,4.217
688093.SH,92.0423
688095.SH,19.775
688097.SH,-0.7975
688096.SH,50.8502
688098.SH,-10.5805
688099.SH,10.9793
688100.SH,11.8829
688101.SH,-7.2589
688102.SH,19.7939
688103.SH,59.4069
688106.SH,5.6208
688107.SH,-34.2914
688105.SH,-5.5013
688108.SH,10.747
688109.SH,10.4721
688110.SH,33.8957
