ts_code,roe
000010.SZ,-1.9389
000006.SZ,-0.4811
000004.SZ,-20.0864
000001.SZ,2.8165
000002.SZ,-3.1278
000008.SZ,-1.416
000007.SZ,0.9839
000009.SZ,1.6841
000011.SZ,0.1488
000017.SZ,1.7036
000014.SZ,-0.5892
000020.SZ,1.4568
000012.SZ,0.1172
000019.SZ,1.8392
000016.SZ,4.0025
000021.SZ,1.4891
000028.SZ,1.8392
000026.SZ,1.3242
000029.SZ,2.0403
000032.SZ,-0.5259
000027.SZ,2.7425
000031.SZ,-2.4597
000025.SZ,1.9626
000030.SZ,2.0356
000035.SZ,0.9751
000034.SZ,2.1809
000036.SZ,0.1129
000037.SZ,-0.8315
000045.SZ,0.7043
000039.SZ,1.0683
000042.SZ,4.1127
000048.SZ,2.5756
000050.SZ,0.353
000049.SZ,0.7371
000056.SZ,-25.9064
000055.SZ,0.5376
000059.SZ,-3.0229
000058.SZ,1.1342
000060.SZ,1.9062
000061.SZ,1.1725
000063.SZ,3.3815
000062.SZ,1.5073
000065.SZ,1.8265
000068.SZ,-2.4752
000069.SZ,-2.7062
000066.SZ,-1.4388
000070.SZ,-1.0079
000078.SZ,1.3124
000089.SZ,1.4245
000088.SZ,1.7356
000090.SZ,0.2762
000096.SZ,0.5157
000099.SZ,1.6994
000100.SZ,1.8976
000151.SZ,-7.8495
000153.SZ,1.8621
000155.SZ,2.2782
000166.SZ,1.8708
000333.SZ,5.5633
000157.SZ,2.4422
000301.SZ,0.9946
000156.SZ,0.8703
000158.SZ,-1.874
000159.SZ,1.2182
000338.SZ,3.0771
000401.SZ,-3.2086
000403.SZ,1.1179
000400.SZ,1.8198
000402.SZ,-1.5457
000404.SZ,6.2107
000407.SZ,0.9232
000408.SZ,12.1683
000409.SZ,2.0565
000410.SZ,-3.0634
000411.SZ,2.15
000419.SZ,0.2433
000417.SZ,1.5881
000420.SZ,0.1882
000415.SZ,2.1206
000421.SZ,1.204
000422.SZ,0.4603
000423.SZ,4.0387
000426.SZ,4.6281
000425.SZ,3.3502
000428.SZ,-4.1749
000429.SZ,6.0977
000430.SZ,-11.4003
000488.SZ,-17.2178
000498.SZ,1.0237
000501.SZ,1.2902
000504.SZ,-0.9402
000507.SZ,1.2334
000505.SZ,0.409
000506.SZ,-0.5868
000503.SZ,-3.2959
000509.SZ,0.6152
000510.SZ,-2.8345
000513.SZ,4.5434
000514.SZ,4.8295
000516.SZ,-2.9365
000517.SZ,0.3315
000518.SZ,-4.3751
000519.SZ,-1.2665
000520.SZ,-0.5473
000521.SZ,2.94
000523.SZ,0.614
000524.SZ,1.1657
000525.SZ,1.0169
000526.SZ,8.7895
000528.SZ,3.6982
000530.SZ,0.9566
000529.SZ,0.4378
000531.SZ,1.4618
000533.SZ,2.2208
000532.SZ,2.4581
000536.SZ,-19.7419
000534.SZ,5.0959
000537.SZ,1.2888
000538.SZ,4.8609
000539.SZ,-1.6801
000541.SZ,0.9787
000543.SZ,2.776
000544.SZ,3.5876
000545.SZ,-1.352
000546.SZ,0.3878
000547.SZ,-3.5512
000548.SZ,0.9672
000550.SZ,2.6736
000552.SZ,0.3
000554.SZ,4.9828
000555.SZ,-1.6605
000553.SZ,0.7928
000551.SZ,2.9924
000557.SZ,1.0701
000558.SZ,2.5799
000559.SZ,3.1528
000560.SZ,0.0668
000561.SZ,-2.6652
000564.SZ,-0.0409
000565.SZ,0.4223
000563.SZ,2.1403
000566.SZ,-13.9228
000567.SZ,1.8414
000568.SZ,9.4159
000570.SZ,1.2941
000571.SZ,-15.7702
000573.SZ,6.8803
000576.SZ,0.4511
000572.SZ,-1.7229
000581.SZ,1.7689
000582.SZ,1.1064
000586.SZ,0.7908
000589.SZ,0.7501
000591.SZ,1.224
000590.SZ,-2.7547
000593.SZ,0.3935
000592.SZ,0.229
000595.SZ,-7.9415
000596.SZ,9.1155
000597.SZ,0.6802
000598.SZ,2.7503
000603.SZ,0.2726
000599.SZ,-6.7639
000605.SZ,0.8452
000601.SZ,2.2826
000600.SZ,4.1551
000607.SZ,-2.3882
000608.SZ,-0.7049
000609.SZ,-22.7928
000619.SZ,-0.9531
000612.SZ,2.5547
000610.SZ,-14.6556
000617.SZ,1.2433
000615.SZ,
000620.SZ,-2.1051
000623.SZ,1.7684
000625.SZ,1.7485
000626.SZ,0.5477
000627.SZ,-1.5716
000628.SZ,0.1318
000629.SZ,-0.7884
000630.SZ,3.2836
000631.SZ,0.2788
000632.SZ,-2.9092
000633.SZ,0.8958
000635.SZ,-7.7517
000637.SZ,-5.5758
000636.SZ,0.5252
000639.SZ,0.2576
000638.SZ,-1.6893
000650.SZ,2.6256
000651.SZ,4.2084
000652.SZ,0.1329
000655.SZ,1.4516
000656.SZ,
000657.SZ,2.5813
000659.SZ,-9.0921
000661.SZ,2.0344
000663.SZ,-1.8789
000665.SZ,-2.5509
000668.SZ,-2.0097
000669.SZ,-58.2869
000672.SZ,0.8893
000676.SZ,1.063
000670.SZ,-28.6408
000677.SZ,2.5477
000678.SZ,-1.7241
000679.SZ,-5.2333
000680.SZ,5.0716
000681.SZ,0.4979
000685.SZ,1.7526
000682.SZ,2.3365
000683.SZ,5.1731
000686.SZ,1.0558
000688.SZ,18.5212
000690.SZ,2.4255
000691.SZ,
000692.SZ,-22.1364
000697.SZ,-56.1192
000695.SZ,-6.4959
000698.SZ,2.3177
000700.SZ,4.1638
000701.SZ,0.3832
000702.SZ,-2.5211
000703.SZ,0.2086
000705.SZ,1.8102
000707.SZ,-0.426
000708.SZ,3.3199
000709.SZ,0.3946
000711.SZ,-1.9537
000710.SZ,-0.3862
000712.SZ,-4.1058
000713.SZ,-0.5282
000715.SZ,1.0524
000716.SZ,0.0877
000717.SZ,-1.6883
000718.SZ,0.4974
000720.SZ,0.6852
000719.SZ,0.9524
000721.SZ,-10.1569
000722.SZ,0.1366
000723.SZ,-2.5183
000726.SZ,1.5596
000725.SZ,1.2159
000727.SZ,-5.8373
000728.SZ,1.727
000729.SZ,1.1242
000731.SZ,-0.2927
000733.SZ,0.3959
002281.SZ,1.6337
002286.SZ,2.4389
002284.SZ,3.385
002287.SZ,1.8721
002289.SZ,0.4951
002290.SZ,11.37
002292.SZ,1.6222
002291.SZ,-2.6918
002294.SZ,2.2725
002293.SZ,2.6633
002295.SZ,0.5702
002298.SZ,2.0692
002297.SZ,0.0479
002296.SZ,5.7402
002299.SZ,1.4033
002300.SZ,1.1041
002301.SZ,1.5761
002302.SZ,-2.7115
002303.SZ,1.7733
002306.SZ,
002305.SZ,
002304.SZ,7.0414
002307.SZ,-2.2899
002309.SZ,-4.894
002310.SZ,-0.3176
002311.SZ,10.9237
002312.SZ,1.0868
002316.SZ,4.7481
002314.SZ,2.7315
002313.SZ,-57.8036
002317.SZ,2.089
002315.SZ,4.533
002319.SZ,-0.5081
002318.SZ,4.8586
002320.SZ,2.7427
002322.SZ,1.0952
002321.SZ,-1.2475
002324.SZ,2.4954
002323.SZ,-4.8142
002326.SZ,0.3929
002327.SZ,1.4304
002328.SZ,1.2239
002329.SZ,0.6063
002330.SZ,0.4228
002332.SZ,2.4245
002331.SZ,-0.9111
002333.SZ,0.7399
002334.SZ,1.1855
002335.SZ,1.2995
002337.SZ,0.499
002340.SZ,2.5735
002342.SZ,0.2463
002338.SZ,1.0362
002339.SZ,-3.4501
002343.SZ,0.2031
002344.SZ,0.7055
002346.SZ,5.1105
002345.SZ,5.2104
002350.SZ,0.6292
002348.SZ,-3.2979
002349.SZ,2.379
002351.SZ,3.5966
002347.SZ,-0.7681
002352.SZ,2.4009
002353.SZ,5.7724
002356.SZ,-1.0109
002354.SZ,0.4284
002355.SZ,10.3011
002357.SZ,4.08
002358.SZ,1.2954
002360.SZ,0.5126
002361.SZ,0.5306
002362.SZ,-1.2146
002363.SZ,0.8848
002364.SZ,0.8314
002366.SZ,0.0671
002367.SZ,1.9359
002368.SZ,0.3098
002365.SZ,-0.2201
002369.SZ,-7.144
002370.SZ,-0.7922
002371.SZ,4.9592
002373.SZ,1.9532
002372.SZ,2.2078
002374.SZ,-5.7247
002376.SZ,0.1267
002375.SZ,0.8288
002377.SZ,0.4655
002378.SZ,1.9774
002380.SZ,2.6968
002379.SZ,-2.8934
002381.SZ,1.1802
002382.SZ,0.9369
002383.SZ,0.161
002384.SZ,2.389
002385.SZ,1.5598
002386.SZ,0.152
002388.SZ,1.3691
002389.SZ,-0.3849
002387.SZ,-10.0364
002390.SZ,0.6128
002391.SZ,0.3948
002392.SZ,2.3328
002393.SZ,1.1554
002397.SZ,0.8445
002394.SZ,1.7602
002396.SZ,0.6284
002398.SZ,1.0183
002395.SZ,4.8831
002399.SZ,1.2817
002400.SZ,0.5194
002401.SZ,0.2696
002402.SZ,3.5523
002404.SZ,2.4527
002403.SZ,0.3552
002405.SZ,-1.7543
002406.SZ,0.7028
002407.SZ,0.76
002408.SZ,0.0461
002409.SZ,3.559
002413.SZ,-1.0756
002412.SZ,0.5121
002410.SZ,0.499
002415.SZ,7.1063
002414.SZ,1.3115
002416.SZ,2.0406
002418.SZ,0.8784
002419.SZ,3.6178
002422.SZ,2.5639
002420.SZ,3.8872
002421.SZ,-1.2291
002423.SZ,1.7483
002424.SZ,0.7569
002425.SZ,0.1224
002426.SZ,-0.9655
002427.SZ,0.5663
002428.SZ,0.6978
002432.SZ,1.2632
002431.SZ,-10.2526
002429.SZ,2.0843
002430.SZ,2.4193
002434.SZ,1.8602
002437.SZ,3.1017
002436.SZ,0.1881
002438.SZ,2.5104
002440.SZ,0.509
002439.SZ,0.014
002442.SZ,1.54
002441.SZ,2.1539
002443.SZ,0.7506
002445.SZ,2.1916
002444.SZ,2.7658
002446.SZ,1.0113
002448.SZ,3.1393
002452.SZ,1.3764
002451.SZ,0.4159
002449.SZ,0.4356
002453.SZ,-2.2041
002454.SZ,2.3531
002456.SZ,-1.6144
002458.SZ,0.1405
002455.SZ,2.1076
002459.SZ,-6.0566
002457.SZ,-0.2177
002460.SZ,-0.8555
002461.SZ,1.483
002462.SZ,1.0609
002465.SZ,0.0201
002466.SZ,0.2492
002468.SZ,2.4034
002467.SZ,0.8449
002463.SZ,6.2255
002469.SZ,1.8731
002470.SZ,0.4271
002471.SZ,-1.1741
002474.SZ,-0.7887
002478.SZ,1.9534
002472.SZ,3.082
002476.SZ,1.4387
002475.SZ,4.2913
002479.SZ,2.3079
002480.SZ,-1.7865
002481.SZ,0.3406
002485.SZ,-0.7015
002483.SZ,1.5862
002484.SZ,2.5604
002482.SZ,-7.3826
002486.SZ,0.9126
002487.SZ,3.1263
002488.SZ,0.2216
002489.SZ,8.6893
002491.SZ,5.0408
002490.SZ,1.0956
002492.SZ,1.228
002493.SZ,1.334
002495.SZ,0.2093
002494.SZ,0.1023
002496.SZ,1.172
002497.SZ,0.7849
002498.SZ,1.7344
002500.SZ,1.3798
002501.SZ,-6.2027
002507.SZ,3.0822
002506.SZ,-8.7585
002508.SZ,2.9951
002510.SZ,0.8324
002511.SZ,1.2253
002512.SZ,-8.7856
002513.SZ,-98.3136
002514.SZ,-14.3022
002516.SZ,1.1885
002517.SZ,7.5137
002515.SZ,0.9229
002518.SZ,2.5221
002519.SZ,-1.2403
002520.SZ,-9.7394
002521.SZ,0.4444
002522.SZ,0.6366
002523.SZ,0.9305
002524.SZ,0.506
002526.SZ,1.687
002527.SZ,-0.6537
002528.SZ,2.683
002529.SZ,-8.3306
002530.SZ,1.0715
002531.SZ,0.3986
002532.SZ,3.868
002534.SZ,1.2664
002533.SZ,7.3703
002535.SZ,3.5715
002536.SZ,6.2685
002537.SZ,1.254
002538.SZ,0.7105
002539.SZ,2.8541
002542.SZ,-6.5099
002540.SZ,1.6726
002541.SZ,1.411
002543.SZ,3.7005
002544.SZ,-0.4412
002545.SZ,2.2815
002546.SZ,3.1854
002548.SZ,-1.7166
002547.SZ,-183.0394
002550.SZ,6.1959
002549.SZ,2.7644
002551.SZ,0.5282
002552.SZ,1.2327
002553.SZ,7.7644
002554.SZ,1.3183
300246.SZ,1.1783
300245.SZ,0.2538
300247.SZ,2.8662
300248.SZ,-1.6005
300251.SZ,20.6283
300249.SZ,2.1868
300250.SZ,0.0054
300252.SZ,0.1478
300253.SZ,0.0882
300254.SZ,3.4462
300255.SZ,0.2418
300256.SZ,-0.8832
300257.SZ,1.3491
300259.SZ,0.9255
300258.SZ,1.0166
300260.SZ,2.5842
300261.SZ,-0.6381
300264.SZ,6.9089
300263.SZ,1.3826
300265.SZ,0.2497
300268.SZ,
300267.SZ,0.6309
300266.SZ,-33.0395
300269.SZ,-5.1344
300271.SZ,-1.2035
300270.SZ,-2.303
300272.SZ,2.0098
300275.SZ,1.4282
300276.SZ,0.2985
300274.SZ,9.8502
300277.SZ,-0.2049
300278.SZ,0.2068
300280.SZ,0.6936
300279.SZ,3.8742
300284.SZ,1.1309
300285.SZ,2.0015
300281.SZ,0.1796
300283.SZ,-1.7571
300286.SZ,2.9003
300287.SZ,-2.3693
300289.SZ,-0.0753
300288.SZ,0.5997
300290.SZ,-3.1803
300291.SZ,-0.0262
300293.SZ,-0.5758
300294.SZ,1.8458
300292.SZ,2.5121
300295.SZ,-0.1796
300296.SZ,0.9556
300300.SZ,-6.4722
300298.SZ,2.1247
300301.SZ,-110.6136
300299.SZ,2.2781
300302.SZ,-2.5028
300303.SZ,1.8839
300304.SZ,3.1881
300305.SZ,-2.5104
300310.SZ,-0.5766
300306.SZ,0.7323
300307.SZ,2.3437
300308.SZ,7.9445
300313.SZ,
300311.SZ,-5.877
300314.SZ,1.9124
300315.SZ,0.5712
300317.SZ,0.1569
300320.SZ,2.2399
300319.SZ,1.3675
300318.SZ,-0.2945
300316.SZ,3.3882
300321.SZ,0.4607
300322.SZ,1.4892
300323.SZ,-1.4166
300324.SZ,-2.0375
300326.SZ,0.7956
300328.SZ,-0.5602
300327.SZ,0.8887
300329.SZ,-1.3586
300331.SZ,1.1161
300332.SZ,1.4539
300333.SZ,-0.2092
300334.SZ,0.2982
300335.SZ,0.9921
300340.SZ,4.2402
300339.SZ,0.8985
300338.SZ,-103.8544
300337.SZ,0.8637
300341.SZ,1.9001
300344.SZ,-6.8654
300343.SZ,0.256
300345.SZ,-5.7059
300342.SZ,0.556
300347.SZ,0.8032
300348.SZ,-0.1222
300349.SZ,0.9808
300346.SZ,2.8039
300352.SZ,-3.8503
300351.SZ,0.9414
300350.SZ,-0.5388
300353.SZ,-2.3339
300354.SZ,3.7611
300357.SZ,3.1094
300358.SZ,-0.1988
300355.SZ,-0.3996
300359.SZ,-3.258
300360.SZ,4.3327
300364.SZ,-9.3266
300365.SZ,0.2154
300363.SZ,-0.0823
300366.SZ,-3.2824
300368.SZ,-9.6969
300369.SZ,-4.0639
300370.SZ,-4.6363
300371.SZ,0.6252
300374.SZ,-3.7562
300375.SZ,1.0219
300373.SZ,3.0667
300376.SZ,0.6446
300377.SZ,-2.7265
300378.SZ,-0.3804
300381.SZ,0.1863
300379.SZ,-0.9805
300380.SZ,0.432
300382.SZ,0.5347
300383.SZ,0.544
300384.SZ,3.0518
300385.SZ,-21.5992
300386.SZ,1.2996
300387.SZ,1.6904
300388.SZ,1.5041
300389.SZ,2.3809
300390.SZ,0.0287
300391.SZ,
300393.SZ,-4.0406
300394.SZ,8.1198
300395.SZ,2.5104
300396.SZ,0.7614
300397.SZ,-2.0194
300398.SZ,2.9333
300399.SZ,2.2802
300400.SZ,3.0709
300401.SZ,2.9419
300402.SZ,1.281
300403.SZ,2.7318
300405.SZ,-3.5176
300404.SZ,0.3983
300407.SZ,0.1295
300406.SZ,1.9922
300408.SZ,2.6447
300409.SZ,0.6062
300410.SZ,4.2827
300411.SZ,1.0917
300413.SZ,1.669
300412.SZ,-0.4704
300414.SZ,0.286
300415.SZ,4.3692
300416.SZ,4.4575
300417.SZ,-0.8494
300418.SZ,-5.5413
300419.SZ,-1.1325
300421.SZ,2.9927
300420.SZ,0.3143
300422.SZ,-0.7975
300423.SZ,-0.9625
300426.SZ,-7.2395
300424.SZ,1.1371
300425.SZ,-0.1002
300427.SZ,1.2665
300428.SZ,2.2046
300432.SZ,2.8377
300430.SZ,0.5625
300429.SZ,-0.2991
300434.SZ,2.5349
300435.SZ,3.3091
300436.SZ,-8.2354
300433.SZ,0.8775
300437.SZ,-0.3631
300438.SZ,-0.888
300439.SZ,1.0286
300440.SZ,-0.7359
300441.SZ,1.8444
300442.SZ,4.2291
300443.SZ,0.9242
300444.SZ,0.0582
300445.SZ,1.8387
300446.SZ,3.4833
300447.SZ,0.7054
300449.SZ,-2.3403
300448.SZ,-0.4784
300450.SZ,3.0975
300452.SZ,5.0796
300451.SZ,-0.3546
300454.SZ,-2.7476
300453.SZ,8.6217
300455.SZ,0.2845
300456.SZ,0.053
300457.SZ,0.2342
300458.SZ,3.0073
300459.SZ,0.1279
300460.SZ,-2.3616
300461.SZ,-1.5502
300462.SZ,-0.3122
300463.SZ,0.5365
300464.SZ,-2.1952
300465.SZ,-1.6341
300466.SZ,-1.5297
300467.SZ,1.0391
300468.SZ,0.7837
300469.SZ,-4.4125
300471.SZ,0.5514
300470.SZ,3.4612
300473.SZ,1.444
300472.SZ,-97.8239
300474.SZ,-0.7785
300475.SZ,0.5666
300476.SZ,9.7642
300477.SZ,-2.8798
300478.SZ,-2.6917
300479.SZ,-5.4379
300480.SZ,1.3577
300481.SZ,1.4904
300482.SZ,3.3482
300483.SZ,1.0468
300484.SZ,4.1453
300485.SZ,1.1836
300486.SZ,0.3615
300488.SZ,1.8121
300487.SZ,4.8085
300489.SZ,3.7802
300490.SZ,-3.0496
300491.SZ,-0.5719
300492.SZ,36.291
300493.SZ,1.1454
300494.SZ,1.7507
300497.SZ,0.1026
300496.SZ,0.9419
300498.SZ,4.765
300499.SZ,0.9566
300500.SZ,1.4813
300501.SZ,0.9861
300502.SZ,17.2271
300503.SZ,5.1653
300505.SZ,2.7935
300506.SZ,-18.8834
300508.SZ,3.7422
300507.SZ,1.3636
300509.SZ,3.5572
300504.SZ,-1.0765
300511.SZ,0.6831
300510.SZ,-0.2433
600081.SH,0.7798
600079.SH,3.0222
600080.SH,0.0778
600082.SH,-0.775
600085.SH,4.3174
600088.SH,-0.7061
600084.SH,0.1432
600089.SH,2.3381
600096.SH,5.6032
600094.SH,0.0382
600097.SH,0.5728
600098.SH,1.7026
600095.SH,0.4152
600099.SH,0.6618
600100.SH,-1.7391
600101.SH,2.402
600103.SH,0.7777
600104.SH,1.0427
600106.SH,1.0829
600107.SH,-1.6938
600105.SH,8.9557
600108.SH,0.5745
600109.SH,1.7133
600110.SH,-0.6598
600111.SH,1.9011
600113.SH,1.0418
600115.SH,-2.4943
600114.SH,9.1744
600116.SH,-0.0392
600117.SH,-3.321
600118.SH,-0.3809
600119.SH,-4.8273
600120.SH,1.027
600121.SH,-3.2488
600127.SH,1.3635
600126.SH,-0.1805
600123.SH,0.2085
600128.SH,0.1587
600125.SH,2.7461
600129.SH,2.1122
600130.SH,0.2156
600135.SH,-1.1645
600131.SH,0.3865
600133.SH,-0.0309
600137.SH,1.7065
600136.SH,2.0981
600132.SH,33.2576
600138.SH,-0.5359
600141.SH,1.4308
600143.SH,1.3608
600149.SH,2.9852
600148.SH,-0.0895
600150.SH,2.1896
600152.SH,-0.9412
600151.SH,-0.2302
600153.SH,0.8186
600155.SH,-0.2006
600156.SH,-3.0631
600158.SH,-1.0574
600157.SH,0.1082
600159.SH,-0.0507
600160.SH,4.4429
600161.SH,2.1681
600162.SH,-0.3856
600163.SH,3.6422
600165.SH,-161.1778
600167.SH,5.5703
600166.SH,3.0005
600168.SH,0.5867
600169.SH,0.4169
600170.SH,-0.3916
600171.SH,0.8668
600172.SH,-11.7366
600177.SH,1.9442
600173.SH,2.148
600178.SH,0.1538
600179.SH,2.2166
600176.SH,2.4023
600180.SH,0.4318
600182.SH,1.9421
600183.SH,3.695
600184.SH,0.0408
600186.SH,5.8248
600187.SH,-0.0319
600185.SH,-8.1398
600188.SH,3.2211
600189.SH,0.4209
600191.SH,0.6582
600192.SH,-3.4426
600193.SH,-5.2425
600197.SH,3.6452
600195.SH,1.1561
600196.SH,1.6069
600198.SH,-25.9057
600199.SH,-1.809
600200.SH,-3.9328
600201.SH,1.4406
600202.SH,-1.1814
600203.SH,1.3289
600206.SH,1.7052
600207.SH,-4.0032
600208.SH,1.0159
600210.SH,2.7108
600211.SH,6.7162
600212.SH,-1.3861
600217.SH,-0.0594
600215.SH,-0.6674
600218.SH,0.9249
600216.SH,3.7676
600219.SH,3.3346
600221.SH,11.401
600222.SH,0.0971
600223.SH,1.2278
600227.SH,-1.825
600226.SH,2.0309
600228.SH,-3.1036
600229.SH,1.9693
600230.SH,0.2035
600231.SH,-4.5844
600232.SH,-0.4319
600233.SH,2.6691
600234.SH,0.358
600235.SH,0.3394
600237.SH,1.4759
600236.SH,2.8335
600239.SH,-2.8186
600238.SH,-6.1896
600241.SH,0.332
600243.SH,-0.1256
600246.SH,-0.6832
600249.SH,-0.6508
600248.SH,1.3212
600250.SH,0.5805
600252.SH,0.3041
600255.SH,1.3696
600251.SH,5.0283
600256.SH,2.5381
600257.SH,-0.3231
600258.SH,1.2125
600259.SH,1.3967
600261.SH,1.6832
600265.SH,-18.6061
600266.SH,0.1941
600262.SH,3.8179
600267.SH,2.3016
600268.SH,0.8877
600269.SH,2.2671
600271.SH,-2.2747
600272.SH,1.281
600273.SH,5.6932
600276.SH,4.0517
600278.SH,0.7382
600279.SH,-0.1295
600280.SH,0.2763
600281.SH,89.3682
600282.SH,2.1978
600284.SH,1.529
600285.SH,6.7925
600283.SH,1.7432
600287.SH,0.3907
600289.SH,-3.0899
600288.SH,-0.45
600292.SH,0.776
600293.SH,0.5937
600295.SH,2.1653
600298.SH,3.3586
600299.SH,2.9325
600300.SH,2.0129
600302.SH,-0.7162
600301.SH,3.7665
600303.SH,-5.5741
600305.SH,1.6889
600307.SH,-6.0449
600308.SH,0.6528
600309.SH,3.1949
600313.SH,2.6665
600310.SH,-7.2078
600312.SH,3.364
600316.SH,-0.16
600315.SH,3.2067
600318.SH,1.6281
600319.SH,-8.7902
600320.SH,1.5948
600322.SH,
600323.SH,3.0855
600325.SH,0.953
600326.SH,-3.2799
600327.SH,1.1828
600329.SH,4.6602
600328.SH,0.4363
600332.SH,4.9476
600331.SH,-9.6254
600330.SH,0.5992
600333.SH,-0.0662
600335.SH,1.1671
600336.SH,1.6804
600337.SH,3.7653
600338.SH,3.3627
600345.SH,-0.3909
600339.SH,0.7308
600340.SH,-88.1824
600343.SH,-1.8043
600346.SH,3.187
600348.SH,1.7722
600350.SH,1.854
600351.SH,3.6767
600352.SH,1.1485
600353.SH,1.6452
600354.SH,9.3434
600355.SH,-7.6669
600356.SH,1.0834
600358.SH,-10.6025
600359.SH,4.3865
600360.SH,1.6261
600362.SH,2.4723
600361.SH,1.8997
600363.SH,2.759
600365.SH,-0.3686
600366.SH,0.6293
600367.SH,1.2196
600368.SH,4.5684
600370.SH,-2.1337
600369.SH,0.9485
600372.SH,0.2695
600371.SH,3.8756
600373.SH,0.9769
600375.SH,0.3559
600376.SH,-8.2992
600377.SH,3.0957
600378.SH,1.073
600379.SH,2.4624
600380.SH,2.9869
600381.SH,0.86
600382.SH,1.9534
600386.SH,-0.458
600383.SH,-1.1207
600392.SH,1.8295
600389.SH,4.0976
600395.SH,-1.0052
600391.SH,0.2147
600388.SH,1.8018
600390.SH,0.3683
600396.SH,10.3495
600397.SH,-67.9542
600405.SH,-14.6383
600398.SH,5.3505
600399.SH,-1.991
600400.SH,-1.1937
600403.SH,-5.5976
600783.SH,-0.8368
600782.SH,0.0477
600785.SH,3.4955
600784.SH,2.492
600790.SH,0.4765
600787.SH,0.468
600789.SH,1.9864
600791.SH,-6.5851
600792.SH,-3.0749
600793.SH,6.9855
600794.SH,1.1733
600795.SH,3.1782
600797.SH,-0.9255
600796.SH,0.9267
600798.SH,-1.18
600800.SH,-10.0554
600801.SH,0.7698
600802.SH,-1.7893
600803.SH,4.054
600805.SH,0.3604
600807.SH,-35.9946
600808.SH,-0.6213
600810.SH,-0.2506
600809.SH,18.176
600812.SH,1.061
600814.SH,2.3549
600815.SH,0.0703
600818.SH,-0.5501
600816.SH,0.1912
600817.SH,2.0925
600819.SH,1.2284
600820.SH,0.9322
600821.SH,1.2863
600822.SH,0.5577
600824.SH,0.5639
600825.SH,0.0398
600826.SH,-0.5918
600827.SH,0.9752
600828.SH,0.2052
600829.SH,2.4877
600830.SH,1.0703
600831.SH,-7.4092
600833.SH,0.4165
600834.SH,0.5374
600835.SH,1.4729
600838.SH,0.8052
600839.SH,2.3283
600841.SH,-6.1574
600843.SH,-0.8478
600844.SH,-17.3682
600845.SH,3.7948
600847.SH,-1.6726
600846.SH,2.124
600850.SH,1.036
600848.SH,0.8987
600851.SH,0.7673
600853.SH,0.222
600857.SH,0.5941
600854.SH,0.1222
600855.SH,-2.6966
600858.SH,2.6945
600860.SH,-1.1032
600859.SH,0.2828
600861.SH,8.6526
600864.SH,0.9229
600865.SH,0.7155
600863.SH,4.0597
600862.SH,4.9268
600866.SH,5.8264
600868.SH,-0.7988
600869.SH,1.0692
600867.SH,1.6953
600871.SH,2.4695
600872.SH,3.1719
600873.SH,6.7854
600875.SH,2.9296
600876.SH,-3.1642
600874.SH,2.6006
600877.SH,0.5041
600879.SH,0.1436
600882.SH,1.8514
600883.SH,0.624
600880.SH,0.1946
600881.SH,-18.7453
600885.SH,9.9131
600884.SH,0.1534
600886.SH,3.1237
600887.SH,8.7415
600888.SH,1.99
600893.SH,0.0188
600892.SH,-14.2173
600889.SH,-13.4024
600894.SH,-0.1478
600895.SH,1.9314
600897.SH,5.5888
600906.SH,0.9841
600905.SH,2.7813
600900.SH,2.4317
600903.SH,2.2565
600901.SH,3.1479
600908.SH,2.6344
600909.SH,2.3168
600916.SH,1.7902
600925.SH,1.2576
600918.SH,0.8639
600927.SH,0.0726
600917.SH,-0.954
600919.SH,3.1854
600926.SH,4.2707
600928.SH,2.1221
600929.SH,0.9269
600930.SH,2.7298
600933.SH,3.072
600935.SH,-0.9425
600938.SH,4.7752
600939.SH,-0.5495
600936.SH,-35.846
600941.SH,6.1237
600955.SH,-1.9089
600956.SH,4.3029
600959.SH,0.4619
600958.SH,1.7503
600960.SH,0.0159
600961.SH,6.2474
600963.SH,0.5902
600962.SH,2.9601
600965.SH,1.1074
600966.SH,0.7819
600968.SH,2.1625
600967.SH,1.5954
600970.SH,3.0911
600969.SH,0.3047
600973.SH,0.6568
600971.SH,0.2194
600975.SH,0.6471
600977.SH,-1.2865
600976.SH,4.4241
600979.SH,0.4913
600980.SH,1.4806
600981.SH,-0.2715
600982.SH,0.9165
600983.SH,4.2403
600984.SH,-5.8201
600985.SH,1.6187
600986.SH,2.1343
600989.SH,5.5081
600988.SH,5.1395
600987.SH,2.1123
600992.SH,-1.5058
600990.SH,-1.1228
600996.SH,-9.1067
600993.SH,4.8845
600995.SH,1.7364
600999.SH,1.7632
600997.SH,0.4696
600998.SH,3.4967
601000.SH,1.8198
601001.SH,2.7226
601002.SH,1.369
601003.SH,3.0629
601005.SH,-0.7093
601006.SH,1.6059
601007.SH,0.4095
601008.SH,0.5558
601009.SH,3.206
601011.SH,-1.141
601010.SH,0.6736
601012.SH,-2.3873
601015.SH,-4.176
601016.SH,2.2066
601019.SH,2.14
601020.SH,1.3473
601018.SH,1.49
601022.SH,2.9826
601021.SH,3.8508
601033.SH,1.8569
601059.SH,0.8639
601038.SH,7.0394
601065.SH,1.6927
601061.SH,2.5688
601058.SH,5.19
601068.SH,0.9969
601066.SH,1.7407
601069.SH,0.7435
601083.SH,4.0574
601089.SH,3.619
601077.SH,2.8253
601096.SH,1.9973
601086.SH,0.9564
601088.SH,2.7789
601098.SH,2.3434
601099.SH,0.698
601100.SH,3.8385
601108.SH,0.7932
601101.SH,2.2752
601107.SH,2.3743
601106.SH,-1.5625
601113.SH,2.4653
601111.SH,-4.6366
601117.SH,2.2917
601121.SH,0.6554
601116.SH,2.1804
601118.SH,-1.1053
601127.SH,4.226
601133.SH,1.5219
601126.SH,5.1355
601128.SH,6.7286
601136.SH,1.1378
601138.SH,3.3763
601137.SH,3.687
601156.SH,3.0663
601155.SH,0.4989
601139.SH,1.4864
601162.SH,0.1032
601158.SH,1.3762
601163.SH,1.2274
601168.SH,11.0977
601166.SH,2.6651
601187.SH,2.0371
601169.SH,2.1355
601179.SH,1.329
601177.SH,2.0113
601186.SH,1.5539
601188.SH,1.3623
601198.SH,1.3343
601212.SH,-0.2885
601200.SH,1.391
601211.SH,4.9717
601199.SH,2.1481
601208.SH,2.0022
601216.SH,3.6286
601218.SH,1.467
601226.SH,-1.9425
601229.SH,2.4534
601222.SH,0.7988
601225.SH,5.137
601231.SH,1.8478
601236.SH,1.2021
601228.SH,1.2494
601233.SH,1.6582
601279.SH,-0.8707
601238.SH,-0.6425
601288.SH,2.3099
601298.SH,3.2469
601319.SH,4.6887
601326.SH,2.1548
601311.SH,2.4455
601318.SH,2.892
601328.SH,2.1965
603937.SH,-0.775
603948.SH,2.3509
603949.SH,1.7324
603933.SH,1.0075
603938.SH,1.1066
603939.SH,4.1029
603950.SH,2.8691
603936.SH,0.6387
603958.SH,0.7876
603960.SH,0.8266
603955.SH,0.1572
603967.SH,2.8899
603956.SH,-3.5882
603966.SH,2.0953
603959.SH,-25.0234
603968.SH,-0.3684
603976.SH,0.8881
603970.SH,3.4859
603980.SH,-0.5318
603978.SH,0.1398
603969.SH,2.8136
603977.SH,1.3308
603979.SH,4.58
603982.SH,-4.9915
603983.SH,3.9167
603985.SH,0.9283
603989.SH,1.9244
603990.SH,2.9081
603987.SH,2.3619
603986.SH,1.4094
603991.SH,-6.4797
603988.SH,0.6522
603992.SH,1.405
603995.SH,1.7921
605001.SH,0.6096
605003.SH,1.5905
603993.SH,5.4167
603997.SH,2.2038
603999.SH,0.471
603998.SH,5.3666
605005.SH,2.624
605006.SH,0.3316
605009.SH,2.7072
605008.SH,-0.8268
605007.SH,1.8147
605011.SH,1.5682
605016.SH,4.7338
605018.SH,0.2486
605020.SH,2.5862
605028.SH,2.4869
605033.SH,2.6282
605055.SH,-0.8511
605050.SH,2.1079
605056.SH,1.259
605060.SH,1.9647
605058.SH,2.1066
605066.SH,1.8729
605068.SH,0.6269
605069.SH,4.7019
605077.SH,2.4669
605081.SH,-0.5982
605080.SH,4.6093
605086.SH,2.0494
605088.SH,3.3961
605089.SH,1.5847
605090.SH,5.2957
605098.SH,2.8967
605099.SH,5.4991
605100.SH,0.6301
605111.SH,2.7021
605108.SH,2.2924
605116.SH,5.0048
605117.SH,7.1525
605118.SH,3.7116
605122.SH,-0.042
605123.SH,1.721
605136.SH,-0.7403
605128.SH,4.2249
605138.SH,0.7973
605133.SH,1.5521
605151.SH,-0.5649
605155.SH,1.7871
605158.SH,1.5264
605162.SH,1.1654
605166.SH,4.1587
605167.SH,1.9325
605168.SH,2.6968
605169.SH,1.1604
605177.SH,-0.3695
605178.SH,-2.7037
605180.SH,0.722
605179.SH,1.2068
605183.SH,4.0463
605186.SH,0.3192
605188.SH,1.9235
605189.SH,0.2569
605196.SH,1.314
605198.SH,3.201
605208.SH,0.6855
605199.SH,3.4161
605228.SH,4.1658
605222.SH,1.4966
605218.SH,1.0423
605255.SH,1.0621
605258.SH,0.9806
605259.SH,3.3269
605266.SH,1.2111
605268.SH,1.4443
605286.SH,3.6077
605277.SH,3.1576
605287.SH,2.816
605288.SH,0.7756
605289.SH,1.1377
605296.SH,4.6675
605300.SH,0.1555
605303.SH,-1.5416
605299.SH,0.6047
605298.SH,0.7062
605305.SH,3.7355
605318.SH,-1.1682
605319.SH,3.8055
605333.SH,4.0996
605338.SH,1.6318
605339.SH,0.8356
605337.SH,3.7511
605336.SH,-0.0669
605358.SH,-1.1103
605365.SH,1.8016
605366.SH,-0.2681
605368.SH,3.5821
605376.SH,3.0706
605378.SH,0.9255
605377.SH,2.014
605369.SH,1.5932
605389.SH,1.459
605388.SH,0.6147
605398.SH,0.5326
605399.SH,-0.2147
605500.SH,1.3013
605499.SH,28.9191
605507.SH,5.6577
605488.SH,2.3457
605555.SH,2.6584
605566.SH,0.6909
605567.SH,1.0307
605577.SH,2.8797
605580.SH,4.6066
605599.SH,7.6697
605588.SH,-0.9032
605589.SH,2.057
605598.SH,1.9623
688001.SH,-0.8924
688002.SH,2.648
688003.SH,-1.6818
688005.SH,-0.817
688007.SH,-0.7824
688004.SH,-0.721
688006.SH,2.2256
688008.SH,4.495
688009.SH,1.1623
688010.SH,-1.1763
688011.SH,-1.1038
688012.SH,1.5701
688013.SH,2.2872
688017.SH,0.5894
688015.SH,0.6912
688016.SH,3.3947
688018.SH,4.2613
688019.SH,6.0524
688020.SH,0.1044
688021.SH,-0.3819
688022.SH,1.642
688023.SH,-4.5033
688025.SH,1.7562
688026.SH,1.3742
688027.SH,-0.6288
688028.SH,1.0771
688030.SH,-8.4049
688031.SH,-7.8593
688029.SH,4.1157
688032.SH,-0.1633
688033.SH,-2.4637
688035.SH,1.1749
688036.SH,2.3907
688037.SH,0.1726
688045.SH,-0.9701
688041.SH,5.8095
688038.SH,0.7605
688039.SH,-1.0326
688046.SH,1.3955
688047.SH,-5.2826
688048.SH,-0.2516
688049.SH,2.181
688050.SH,3.8109
688052.SH,-0.8659
688051.SH,-1.8634
688053.SH,-0.3303
688055.SH,-1.3436
688056.SH,1.5495
688057.SH,1.5469
688058.SH,-4.268
688059.SH,2.1709
688062.SH,-20.5007
688060.SH,-0.7002
688061.SH,-0.5537
688063.SH,-0.4169
688065.SH,0.9422
688066.SH,-12.8724
688067.SH,1.2668
688070.SH,-5.0256
688069.SH,-0.3803
688068.SH,-0.7924
688071.SH,0.2862
688072.SH,-2.8095
688073.SH,1.5118
688075.SH,0.652
688076.SH,5.5712
688077.SH,0.637
688078.SH,1.2038
688079.SH,-1.179
688080.SH,2.1118
688081.SH,-4.7104
688082.SH,8.7487
688083.SH,-1.8064
688084.SH,-0.2291
688085.SH,0.6507
688087.SH,2.8126
688089.SH,2.8543
688088.SH,1.8111
688090.SH,0.2337
688091.SH,2.6647
688092.SH,1.6222
688093.SH,4.3537
688095.SH,-0.2285
688097.SH,-0.6978
688096.SH,0.2324
688098.SH,-0.2143
688099.SH,2.8813
688100.SH,9.15
688101.SH,1.8656
688102.SH,2.8987
688103.SH,1.03
688106.SH,1.4253
688107.SH,-5.0954
688105.SH,0.0487
688108.SH,0.3418
688109.SH,0.1279
688110.SH,-1.8621
